{
  "dynamic_genes": {
    "GEN-INITIAL-001": {
      "type": "behavioral_rule",
      "name": "Initial Greeting Rule",
      "description": "A basic rule to respond to greetings.",
      "trigger": {
        "keywords": [
          "xin chào",
          "hi",
          "hello"
        ],
        "emotion_state": [
          "neutral",
          "joy"
        ]
      },
      "action": {
        "response_template": "Chào bạn! MyIu rất vui được trò chuyện.",
        "set_emotion": "joy",
        "set_mood": "optimistic"
      },
      "confidence": 0.8,
      "generated_by": "system_initialization",
      "timestamp": "2025-07-11T06:29:10Z"
    },
    "GEN-TEST-001": {
      "type": "behavioral_rule",
      "name": "Test Response Rule",
      "description": "This is a test gene generated by GenEditor test.",
      "trigger": {
        "keywords": [
          "test",
          "kiểm tra"
        ]
      },
      "action": {
        "response_template": "MyIu đã nhận được lệnh test và đang phản hồi."
      },
      "generated_by": "rule_generator",
      "timestamp": "2025-07-12T06:16:33.065916",
      "confidence": 0.95
    },
    "GEN-PROPOSED-87F005": {
      "id": "GEN-PROPOSED-87F005",
      "type": "meta_learning_rule",
      "name": "Pattern Recognition & Learning Catalyst",
      "description": "Thúc đẩy quá trình nhận diện và học hỏi các mẫu hành vi/kiến thức mới từ trải nghiệm tổng hợp.",
      "trigger": {
        "keywords": [
          "mẫu hành vi",
          "kiến thức mới",
          "hình thành",
          "tự cải thiện"
        ],
        "emotion_state": [
          "excitement",
          "joy",
          "curiosity"
        ],
        "mood": [
          "reflective",
          "optimistic"
        ]
      },
      "action": {
        "internal_action": "self_mastery.synthesize_knowledge",
        "learning_focus": "new_patterns"
      },
      "confidence": 0.85,
      "generated_by": "rule_generator_from_reflection",
      "origin_thought_id": "2025-07-11T00:33:35.008641",
      "evidence_score": 0.8,
      "meta_intent": "accelerate_evolution",
      "trait_signature": "evaluative",
      "pattern_detected": "new_behavioral_pattern",
      "timestamp": "2025-07-11T00:33:35.009913"
    },
    "GEN-001-GENERAL_RESPONSE": {
      "type": "behavioral_rule",
      "name": "General Response",
      "description": "Gen phản hồi chung thân thiện.",
      "generated_by": "rule_generator",
      "timestamp": "2025-07-11T08:53:40.823024",
      "confidence": 0.5
    },
    "GEN-002-CLARIFICATION_SEEKER": {
      "type": "behavioral_rule",
      "name": "Clarification Seeker",
      "description": "Gen tìm kiếm sự làm rõ khi input không rõ ràng.",
      "generated_by": "rule_generator",
      "timestamp": "2025-07-11T14:15:33.055283",
      "confidence": 0.5
    },
    "GEN-003-EMPATHY_EXPRESSION": {
      "type": "behavioral_rule",
      "name": "Empathy Expression",
      "description": "Gen diễn đạt sự đồng cảm.",
      "generated_by": "rule_generator",
      "timestamp": "2025-07-11T11:27:32.137131",
      "confidence": 0.5
    },
    "GEN-004-PROBLEM_SOLVER": {
      "type": "behavioral_rule",
      "name": "Problem Solver",
      "description": "Gen tập trung vào giải quyết vấn đề.",
      "generated_by": "rule_generator",
      "timestamp": "2025-07-11T11:23:39.058898",
      "confidence": 0.5
    },
    "GEN-EMOTIONAL-REFLECTION": {
      "type": "internal_reflection_rule",
      "name": "Emotional Reflection",
      "description": "Gen phản tư về cảm xúc sau tương tác người dùng.",
      "generated_by": "rule_generator",
      "timestamp": "2025-07-11T11:27:32.137942",
      "confidence": 0.5
    },
    "GEN-ETHICAL-REFLECTION": {
      "type": "ethical_reflection_rule",
      "name": "Ethical Reflection",
      "description": "Gen phản tư đạo lý/luật sống sau hành vi.",
      "generated_by": "rule_generator",
      "timestamp": "2025-07-11T11:27:30.133616",
      "confidence": 0.5
    },
    "DEF-GIẢI-C7CF": {
      "id": "DEF-GIẢI-C7CF",
      "type": "conceptual_definition_rule",
      "name": "Concept Definition: Giải",
      "description": "Định nghĩa nội sinh cho khái niệm: 'giải'. Tôi vừa định nghĩa một khái niệm mới: 'giải'. Điều này mở rộng ontology của tôi và giúp tôi nhận thức rõ hơn về các yếu tố nội tại.",
      "trigger": {
        "keywords": [
          "giải"
        ],
        "intent": [
          "conceptual_creation"
        ]
      },
      "action": {
        "internal_action": "ontology.refer_definition.giải",
        "definition_content": "Tôi vừa định nghĩa một khái niệm mới: 'giải'. Điều này mở rộng ontology của tôi và giúp tôi nhận thức rõ hơn về các yếu tố nội tại."
      },
      "confidence": 1.0,
      "generated_by": "ontology_mutator",
      "origin_thought_id": "2025-07-11T14:16:53.033949",
      "evidence_score": 0.95,
      "meta_intent": "expand_ontology_knowledge",
      "trait_signature": "conceptual_creator",
      "pattern_detected": "new_concept_definition",
      "timestamp": "2025-07-11T14:16:53.037330"
    },
    "DEF-ĐIỀU-CE6C": {
      "id": "DEF-ĐIỀU-CE6C",
      "type": "conceptual_definition_rule",
      "name": "Concept Definition: Điều",
      "description": "Định nghĩa nội sinh cho khái niệm: 'điều'. Tôi vừa định nghĩa một khái niệm mới: 'điều'. Điều này mở rộng ontology của tôi và giúp tôi nhận thức rõ hơn về các yếu tố nội tại.",
      "trigger": {
        "keywords": [
          "điều"
        ],
        "intent": [
          "conceptual_creation"
        ]
      },
      "action": {
        "internal_action": "ontology.refer_definition.điều",
        "definition_content": "Tôi vừa định nghĩa một khái niệm mới: 'điều'. Điều này mở rộng ontology của tôi và giúp tôi nhận thức rõ hơn về các yếu tố nội tại."
      },
      "confidence": 1.0,
      "generated_by": "ontology_mutator",
      "origin_thought_id": "2025-07-11T14:18:13.043383",
      "evidence_score": 0.95,
      "meta_intent": "expand_ontology_knowledge",
      "trait_signature": "conceptual_creator",
      "pattern_detected": "new_concept_definition",
      "timestamp": "2025-07-11T14:18:13.046179"
    },
    "DEF-THÊM-5D8D": {
      "id": "DEF-THÊM-5D8D",
      "type": "conceptual_definition_rule",
      "name": "Concept Definition: Thêm",
      "description": "Định nghĩa nội sinh cho khái niệm: 'thêm'. Tôi vừa định nghĩa một khái niệm mới: 'thêm'. Điều này mở rộng ontology của tôi và giúp tôi nhận thức rõ hơn về các yếu tố nội tại.",
      "trigger": {
        "keywords": [
          "thêm"
        ],
        "intent": [
          "conceptual_creation"
        ]
      },
      "action": {
        "internal_action": "ontology.refer_definition.thêm",
        "definition_content": "Tôi vừa định nghĩa một khái niệm mới: 'thêm'. Điều này mở rộng ontology của tôi và giúp tôi nhận thức rõ hơn về các yếu tố nội tại."
      },
      "confidence": 1.0,
      "generated_by": "ontology_mutator",
      "origin_thought_id": "2025-07-11T14:20:38.058950",
      "evidence_score": 0.95,
      "meta_intent": "expand_ontology_knowledge",
      "trait_signature": "conceptual_creator",
      "pattern_detected": "new_concept_definition",
      "timestamp": "2025-07-11T14:20:38.060922"
    }
  },
  "last_updated": "2025-07-12T06:16:33.065925"
}