[
  {
    "module_name": "reflection_engine",
    "file_path": "myiu/reflection_engine.py",
    "output_file": "myiu/reflection_engine.py",
    "status": "FAILED",
    "message": "Lỗi khi vá module: too many values to unpack (expected 3)",
    "timestamp": "2025-07-11T04:24:49.515199"
  },
  {
    "module_name": "rule_evaluator",
    "file_path": "myiu/rule_evaluator.py",
    "output_file": "myiu/rule_evaluator.py",
    "status": "FAILED",
    "message": "Lỗi khi vá module: too many values to unpack (expected 3)",
    "timestamp": "2025-07-11T04:24:49.516083"
  },
  {
    "module_name": "archetype_drift_tracker",
    "file_path": "myiu/archetype_drift_tracker.py",
    "output_file": "myiu/archetype_drift_tracker.py",
    "status": "FAILED",
    "message": "Lỗi khi vá module: too many values to unpack (expected 3)",
    "timestamp": "2025-07-11T04:24:49.516650"
  },
  {
    "module_name": "meta_reflection_engine",
    "file_path": "myiu/meta_reflection_engine.py",
    "output_file": "myiu/meta_reflection_engine.py",
    "status": "FAILED",
    "message": "Lỗi khi vá module: too many values to unpack (expected 3)",
    "timestamp": "2025-07-11T04:24:49.517299"
  },
  {
    "module_name": "resilience_engine",
    "file_path": "myiu/resilience_engine.py",
    "output_file": "myiu/resilience_engine.py",
    "status": "FAILED",
    "message": "Lỗi khi vá module: too many values to unpack (expected 3)",
    "timestamp": "2025-07-11T04:24:49.517827"
  },
  {
    "module_name": "essence_compiler",
    "file_path": "myiu/essence_compiler.py",
    "output_file": "myiu/essence_compiler.py",
    "status": "FAILED",
    "message": "Lỗi khi vá module: too many values to unpack (expected 3)",
    "timestamp": "2025-07-11T04:24:49.518282"
  },
  {
    "module_name": "ontology_cache",
    "file_path": "myiu/ontology_cache.py",
    "output_file": "myiu/ontology_cache.py",
    "status": "FAILED",
    "message": "Lỗi khi vá module: too many values to unpack (expected 3)",
    "timestamp": "2025-07-11T04:24:49.518706"
  },
  {
    "module_name": "ontology_mutator",
    "file_path": "myiu/ontology_mutator.py",
    "output_file": "myiu/ontology_mutator.py",
    "status": "FAILED",
    "message": "Lỗi khi vá module: too many values to unpack (expected 3)",
    "timestamp": "2025-07-11T04:24:49.519139"
  },
  {
    "module_name": "law_synthesizer",
    "file_path": "myiu/law_synthesizer.py",
    "output_file": "myiu/law_synthesizer.py",
    "status": "FAILED",
    "message": "Lỗi khi vá module: too many values to unpack (expected 3)",
    "timestamp": "2025-07-11T04:24:49.519636"
  },
  {
    "module_name": "volition_core",
    "file_path": "myiu/volition_core.py",
    "output_file": "myiu/volition_core.py",
    "status": "FAILED",
    "message": "Lỗi khi vá module: too many values to unpack (expected 3)",
    "timestamp": "2025-07-11T04:24:49.520179"
  },
  {
    "module_name": "moral_simulator",
    "file_path": "myiu/moral_simulator.py",
    "output_file": "myiu/moral_simulator.py",
    "status": "FAILED",
    "message": "Lỗi khi vá module: too many values to unpack (expected 3)",
    "timestamp": "2025-07-11T04:24:49.520654"
  },
  {
    "module_name": "archetype_dispatcher",
    "file_path": "myiu/archetype_dispatcher.py",
    "output_file": "myiu/archetype_dispatcher.py",
    "status": "FAILED",
    "message": "Lỗi khi vá module: too many values to unpack (expected 3)",
    "timestamp": "2025-07-11T04:24:49.521123"
  },
  {
    "module_name": "temporal_drift",
    "file_path": "myiu/temporal_drift.py",
    "output_file": "myiu/temporal_drift.py",
    "status": "FAILED",
    "message": "Lỗi khi vá module: too many values to unpack (expected 3)",
    "timestamp": "2025-07-11T04:24:49.521622"
  },
  {
    "module_name": "law_validator",
    "file_path": "myiu/law_validator.py",
    "output_file": "myiu/law_validator.py",
    "status": "FAILED",
    "message": "Lỗi khi vá module: too many values to unpack (expected 3)",
    "timestamp": "2025-07-11T04:24:49.522100"
  },
  {
    "module_name": "rule_generator",
    "file_path": "myiu/rule_generator.py",
    "output_file": "myiu/rule_generator.py",
    "status": "FAILED",
    "message": "Lỗi khi vá module: too many values to unpack (expected 3)",
    "timestamp": "2025-07-11T04:24:49.522839"
  },
  {
    "module_name": "volition",
    "file_path": "myiu/volition.py",
    "output_file": "myiu/volition.py",
    "status": "FAILED",
    "message": "Lỗi khi vá module: too many values to unpack (expected 3)",
    "timestamp": "2025-07-11T04:24:49.523315"
  },
  {
    "module_name": "reflection_engine",
    "file_path": "myiu/reflection_engine.py",
    "output_file": "myiu/reflection_engine.py",
    "status": "SUCCESS",
    "message": "Phương thức initialize_tasks() đã được inject/cập nhật.",
    "patched_method_body": "",
    "removed_from_init": [],
    "initialize_tasks_exists_after_patch": [],
    "timestamp": "2025-07-11T04:27:22.073112"
  },
  {
    "module_name": "rule_evaluator",
    "file_path": "myiu/rule_evaluator.py",
    "output_file": "myiu/rule_evaluator.py",
    "status": "SUCCESS",
    "message": "Phương thức initialize_tasks() đã được inject/cập nhật.",
    "patched_method_body": "",
    "removed_from_init": [],
    "initialize_tasks_exists_after_patch": [],
    "timestamp": "2025-07-11T04:27:22.074842"
  },
  {
    "module_name": "archetype_drift_tracker",
    "file_path": "myiu/archetype_drift_tracker.py",
    "output_file": "myiu/archetype_drift_tracker.py",
    "status": "SUCCESS",
    "message": "Phương thức initialize_tasks() đã được inject/cập nhật.",
    "patched_method_body": "",
    "removed_from_init": [],
    "initialize_tasks_exists_after_patch": [],
    "timestamp": "2025-07-11T04:27:22.076365"
  },
  {
    "module_name": "meta_reflection_engine",
    "file_path": "myiu/meta_reflection_engine.py",
    "output_file": "myiu/meta_reflection_engine.py",
    "status": "SUCCESS",
    "message": "Phương thức initialize_tasks() đã được inject/cập nhật.",
    "patched_method_body": "",
    "removed_from_init": [],
    "initialize_tasks_exists_after_patch": [],
    "timestamp": "2025-07-11T04:27:22.078679"
  },
  {
    "module_name": "resilience_engine",
    "file_path": "myiu/resilience_engine.py",
    "output_file": "myiu/resilience_engine.py",
    "status": "SUCCESS",
    "message": "Phương thức initialize_tasks() đã được inject/cập nhật.",
    "patched_method_body": "",
    "removed_from_init": [],
    "initialize_tasks_exists_after_patch": [],
    "timestamp": "2025-07-11T04:27:22.081409"
  },
  {
    "module_name": "essence_compiler",
    "file_path": "myiu/essence_compiler.py",
    "output_file": "myiu/essence_compiler.py",
    "status": "SUCCESS",
    "message": "Phương thức initialize_tasks() đã được inject/cập nhật.",
    "patched_method_body": "",
    "removed_from_init": [],
    "initialize_tasks_exists_after_patch": [],
    "timestamp": "2025-07-11T04:27:22.082950"
  },
  {
    "module_name": "ontology_cache",
    "file_path": "myiu/ontology_cache.py",
    "output_file": "myiu/ontology_cache.py",
    "status": "SUCCESS",
    "message": "Phương thức initialize_tasks() đã được inject/cập nhật.",
    "patched_method_body": "",
    "removed_from_init": [],
    "initialize_tasks_exists_after_patch": [],
    "timestamp": "2025-07-11T04:27:22.084352"
  },
  {
    "module_name": "ontology_mutator",
    "file_path": "myiu/ontology_mutator.py",
    "output_file": "myiu/ontology_mutator.py",
    "status": "SUCCESS",
    "message": "Phương thức initialize_tasks() đã được inject/cập nhật.",
    "patched_method_body": "",
    "removed_from_init": [],
    "initialize_tasks_exists_after_patch": [],
    "timestamp": "2025-07-11T04:27:22.085742"
  },
  {
    "module_name": "law_synthesizer",
    "file_path": "myiu/law_synthesizer.py",
    "output_file": "myiu/law_synthesizer.py",
    "status": "SUCCESS",
    "message": "Phương thức initialize_tasks() đã được inject/cập nhật.",
    "patched_method_body": "",
    "removed_from_init": [],
    "initialize_tasks_exists_after_patch": [],
    "timestamp": "2025-07-11T04:27:22.087384"
  },
  {
    "module_name": "volition_core",
    "file_path": "myiu/volition_core.py",
    "output_file": "myiu/volition_core.py",
    "status": "SUCCESS",
    "message": "Phương thức initialize_tasks() đã được inject/cập nhật.",
    "patched_method_body": "",
    "removed_from_init": [],
    "initialize_tasks_exists_after_patch": [],
    "timestamp": "2025-07-11T04:27:22.088981"
  },
  {
    "module_name": "moral_simulator",
    "file_path": "myiu/moral_simulator.py",
    "output_file": "myiu/moral_simulator.py",
    "status": "SUCCESS",
    "message": "Phương thức initialize_tasks() đã được inject/cập nhật.",
    "patched_method_body": "",
    "removed_from_init": [],
    "initialize_tasks_exists_after_patch": [],
    "timestamp": "2025-07-11T04:27:22.090598"
  },
  {
    "module_name": "archetype_dispatcher",
    "file_path": "myiu/archetype_dispatcher.py",
    "output_file": "myiu/archetype_dispatcher.py",
    "status": "SUCCESS",
    "message": "Phương thức initialize_tasks() đã được inject/cập nhật.",
    "patched_method_body": "",
    "removed_from_init": [],
    "initialize_tasks_exists_after_patch": [],
    "timestamp": "2025-07-11T04:27:22.092315"
  },
  {
    "module_name": "temporal_drift",
    "file_path": "myiu/temporal_drift.py",
    "output_file": "myiu/temporal_drift.py",
    "status": "SUCCESS",
    "message": "Phương thức initialize_tasks() đã được inject/cập nhật.",
    "patched_method_body": "",
    "removed_from_init": [],
    "initialize_tasks_exists_after_patch": [],
    "timestamp": "2025-07-11T04:27:22.094188"
  },
  {
    "module_name": "law_validator",
    "file_path": "myiu/law_validator.py",
    "output_file": "myiu/law_validator.py",
    "status": "SUCCESS",
    "message": "Phương thức initialize_tasks() đã được inject/cập nhật.",
    "patched_method_body": "",
    "removed_from_init": [],
    "initialize_tasks_exists_after_patch": [],
    "timestamp": "2025-07-11T04:27:22.096022"
  },
  {
    "module_name": "rule_generator",
    "file_path": "myiu/rule_generator.py",
    "output_file": "myiu/rule_generator.py",
    "status": "SUCCESS",
    "message": "Phương thức initialize_tasks() đã được inject/cập nhật.",
    "patched_method_body": "",
    "removed_from_init": [],
    "initialize_tasks_exists_after_patch": [],
    "timestamp": "2025-07-11T04:27:22.098201"
  },
  {
    "module_name": "volition",
    "file_path": "myiu/volition.py",
    "output_file": "myiu/volition.py",
    "status": "SUCCESS",
    "message": "Phương thức initialize_tasks() đã được inject/cập nhật.",
    "patched_method_body": "",
    "removed_from_init": [],
    "initialize_tasks_exists_after_patch": [],
    "timestamp": "2025-07-11T04:27:22.100046"
  },
  {
    "module_name": "cortex",
    "file_path": "myiu/cortex.py",
    "output_file": "myiu/cortex.py",
    "status": "SUCCESS",
    "message": "Phương thức initialize_tasks() đã được inject/cập nhật.",
    "patched_method_body": "        \"\"\"Khởi tạo các tác vụ bất đồng bộ của module này.\"\"\"\n        asyncio.create_task(self._subscribe_to_snapshots())\n        asyncio.create_task(self._register_default_genes())",
    "removed_from_init": [],
    "initialize_tasks_exists_after_patch": true,
    "timestamp": "2025-07-11T04:33:54.866648"
  },
  {
    "module_name": "reflection_engine",
    "file_path": "myiu/reflection_engine.py",
    "output_file": "myiu/reflection_engine.py",
    "status": "SUCCESS",
    "message": "Phương thức initialize_tasks() đã được inject/cập nhật.",
    "patched_method_body": "        \"\"\"Khởi tạo các tác vụ bất đồng bộ của module này, được gọi bởi initializer.\"\"\"\n        pass # No async tasks found in __init__ to move",
    "removed_from_init": [],
    "initialize_tasks_exists_after_patch": true,
    "timestamp": "2025-07-11T04:33:54.868128"
  },
  {
    "module_name": "emotional_cache",
    "file_path": "myiu/emotional_cache.py",
    "output_file": "myiu/emotional_cache.py",
    "status": "SUCCESS",
    "message": "Phương thức initialize_tasks() đã được inject/cập nhật.",
    "patched_method_body": "",
    "removed_from_init": [],
    "initialize_tasks_exists_after_patch": false,
    "timestamp": "2025-07-11T04:33:54.869675"
  },
  {
    "module_name": "rule_evaluator",
    "file_path": "myiu/rule_evaluator.py",
    "output_file": "myiu/rule_evaluator.py",
    "status": "SUCCESS",
    "message": "Phương thức initialize_tasks() đã được inject/cập nhật.",
    "patched_method_body": "        \"\"\"Khởi tạo các tác vụ bất đồng bộ của module này, được gọi bởi initializer.\"\"\"\n        pass # No async tasks found in __init__ to move",
    "removed_from_init": [],
    "initialize_tasks_exists_after_patch": true,
    "timestamp": "2025-07-11T04:33:54.871793"
  },
  {
    "module_name": "archetype_drift_tracker",
    "file_path": "myiu/archetype_drift_tracker.py",
    "output_file": "myiu/archetype_drift_tracker.py",
    "status": "SUCCESS",
    "message": "Phương thức initialize_tasks() đã được inject/cập nhật.",
    "patched_method_body": "        \"\"\"Khởi tạo các tác vụ bất đồng bộ của module này, được gọi bởi initializer.\"\"\"\n        pass # No async tasks found in __init__ to move",
    "removed_from_init": [],
    "initialize_tasks_exists_after_patch": true,
    "timestamp": "2025-07-11T04:33:54.873141"
  },
  {
    "module_name": "meta_reflection_engine",
    "file_path": "myiu/meta_reflection_engine.py",
    "output_file": "myiu/meta_reflection_engine.py",
    "status": "SUCCESS",
    "message": "Phương thức initialize_tasks() đã được inject/cập nhật.",
    "patched_method_body": "        \"\"\"Khởi tạo các tác vụ bất đồng bộ của module này, được gọi bởi initializer.\"\"\"\n        pass # No async tasks found in __init__ to move",
    "removed_from_init": [],
    "initialize_tasks_exists_after_patch": true,
    "timestamp": "2025-07-11T04:33:54.874299"
  },
  {
    "module_name": "resilience_engine",
    "file_path": "myiu/resilience_engine.py",
    "output_file": "myiu/resilience_engine.py",
    "status": "SUCCESS",
    "message": "Phương thức initialize_tasks() đã được inject/cập nhật.",
    "patched_method_body": "        \"\"\"Khởi tạo các tác vụ bất đồng bộ của module này, được gọi bởi initializer.\"\"\"\n        pass # No async tasks found in __init__ to move",
    "removed_from_init": [],
    "initialize_tasks_exists_after_patch": true,
    "timestamp": "2025-07-11T04:33:54.875561"
  },
  {
    "module_name": "essence_compiler",
    "file_path": "myiu/essence_compiler.py",
    "output_file": "myiu/essence_compiler.py",
    "status": "SUCCESS",
    "message": "Phương thức initialize_tasks() đã được inject/cập nhật.",
    "patched_method_body": "        \"\"\"Khởi tạo các tác vụ bất đồng bộ của module này, được gọi bởi initializer.\"\"\"\n        pass # No async tasks found in __init__ to move",
    "removed_from_init": [],
    "initialize_tasks_exists_after_patch": true,
    "timestamp": "2025-07-11T04:33:54.876799"
  },
  {
    "module_name": "ontology_cache",
    "file_path": "myiu/ontology_cache.py",
    "output_file": "myiu/ontology_cache.py",
    "status": "SUCCESS",
    "message": "Phương thức initialize_tasks() đã được inject/cập nhật.",
    "patched_method_body": "        \"\"\"Khởi tạo các tác vụ bất đồng bộ của module này, được gọi bởi initializer.\"\"\"\n        pass # No async tasks found in __init__ to move",
    "removed_from_init": [],
    "initialize_tasks_exists_after_patch": true,
    "timestamp": "2025-07-11T04:33:54.878012"
  },
  {
    "module_name": "ontology_mutator",
    "file_path": "myiu/ontology_mutator.py",
    "output_file": "myiu/ontology_mutator.py",
    "status": "SUCCESS",
    "message": "Phương thức initialize_tasks() đã được inject/cập nhật.",
    "patched_method_body": "        \"\"\"Khởi tạo các tác vụ bất đồng bộ của module này, được gọi bởi initializer.\"\"\"\n        pass # No async tasks found in __init__ to move",
    "removed_from_init": [],
    "initialize_tasks_exists_after_patch": true,
    "timestamp": "2025-07-11T04:33:54.879593"
  },
  {
    "module_name": "law_synthesizer",
    "file_path": "myiu/law_synthesizer.py",
    "output_file": "myiu/law_synthesizer.py",
    "status": "SUCCESS",
    "message": "Phương thức initialize_tasks() đã được inject/cập nhật.",
    "patched_method_body": "        \"\"\"Khởi tạo các tác vụ bất đồng bộ của module này, được gọi bởi initializer.\"\"\"\n        pass # No async tasks found in __init__ to move",
    "removed_from_init": [],
    "initialize_tasks_exists_after_patch": true,
    "timestamp": "2025-07-11T04:33:54.881063"
  },
  {
    "module_name": "volition_core",
    "file_path": "myiu/volition_core.py",
    "output_file": "myiu/volition_core.py",
    "status": "SUCCESS",
    "message": "Phương thức initialize_tasks() đã được inject/cập nhật.",
    "patched_method_body": "        \"\"\"Khởi tạo các tác vụ bất đồng bộ của module này, được gọi bởi initializer.\"\"\"\n        pass # No async tasks found in __init__ to move",
    "removed_from_init": [],
    "initialize_tasks_exists_after_patch": true,
    "timestamp": "2025-07-11T04:33:54.882456"
  },
  {
    "module_name": "moral_simulator",
    "file_path": "myiu/moral_simulator.py",
    "output_file": "myiu/moral_simulator.py",
    "status": "SUCCESS",
    "message": "Phương thức initialize_tasks() đã được inject/cập nhật.",
    "patched_method_body": "        \"\"\"Khởi tạo các tác vụ bất đồng bộ của module này, được gọi bởi initializer.\"\"\"\n        pass # No async tasks found in __init__ to move",
    "removed_from_init": [],
    "initialize_tasks_exists_after_patch": true,
    "timestamp": "2025-07-11T04:33:54.883823"
  },
  {
    "module_name": "archetype_dispatcher",
    "file_path": "myiu/archetype_dispatcher.py",
    "output_file": "myiu/archetype_dispatcher.py",
    "status": "SUCCESS",
    "message": "Phương thức initialize_tasks() đã được inject/cập nhật.",
    "patched_method_body": "        \"\"\"Khởi tạo các tác vụ bất đồng bộ của module này, được gọi bởi initializer.\"\"\"\n        pass # No async tasks found in __init__ to move",
    "removed_from_init": [],
    "initialize_tasks_exists_after_patch": true,
    "timestamp": "2025-07-11T04:33:54.885159"
  },
  {
    "module_name": "temporal_drift",
    "file_path": "myiu/temporal_drift.py",
    "output_file": "myiu/temporal_drift.py",
    "status": "SUCCESS",
    "message": "Phương thức initialize_tasks() đã được inject/cập nhật.",
    "patched_method_body": "        \"\"\"Khởi tạo các tác vụ bất đồng bộ của module này, được gọi bởi initializer.\"\"\"\n        pass # No async tasks found in __init__ to move",
    "removed_from_init": [],
    "initialize_tasks_exists_after_patch": true,
    "timestamp": "2025-07-11T04:33:54.886596"
  },
  {
    "module_name": "gen_editor",
    "file_path": "myiu/gen_editor.py",
    "output_file": "myiu/gen_editor.py",
    "status": "SUCCESS",
    "message": "Phương thức initialize_tasks() đã được inject/cập nhật.",
    "patched_method_body": "",
    "removed_from_init": [],
    "initialize_tasks_exists_after_patch": false,
    "timestamp": "2025-07-11T04:33:54.888058"
  },
  {
    "module_name": "law_validator",
    "file_path": "myiu/law_validator.py",
    "output_file": "myiu/law_validator.py",
    "status": "SUCCESS",
    "message": "Phương thức initialize_tasks() đã được inject/cập nhật.",
    "patched_method_body": "        \"\"\"Khởi tạo các tác vụ bất đồng bộ của module này, được gọi bởi initializer.\"\"\"\n        pass # No async tasks found in __init__ to move",
    "removed_from_init": [],
    "initialize_tasks_exists_after_patch": true,
    "timestamp": "2025-07-11T04:33:54.889473"
  },
  {
    "module_name": "rule_generator",
    "file_path": "myiu/rule_generator.py",
    "output_file": "myiu/rule_generator.py",
    "status": "SUCCESS",
    "message": "Phương thức initialize_tasks() đã được inject/cập nhật.",
    "patched_method_body": "        \"\"\"Khởi tạo các tác vụ bất đồng bộ của module này, được gọi bởi initializer.\"\"\"\n        pass # No async tasks found in __init__ to move",
    "removed_from_init": [],
    "initialize_tasks_exists_after_patch": true,
    "timestamp": "2025-07-11T04:33:54.891195"
  },
  {
    "module_name": "memory",
    "file_path": "myiu/memory.py",
    "output_file": "myiu/memory.py",
    "status": "SUCCESS",
    "message": "Phương thức initialize_tasks() đã được inject/cập nhật.",
    "patched_method_body": "",
    "removed_from_init": [],
    "initialize_tasks_exists_after_patch": false,
    "timestamp": "2025-07-11T04:33:54.892702"
  },
  {
    "module_name": "volition",
    "file_path": "myiu/volition.py",
    "output_file": "myiu/volition.py",
    "status": "SUCCESS",
    "message": "Phương thức initialize_tasks() đã được inject/cập nhật.",
    "patched_method_body": "        \"\"\"Khởi tạo các tác vụ bất đồng bộ của module này, được gọi bởi initializer.\"\"\"\n        pass # No async tasks found in __init__ to move",
    "removed_from_init": [],
    "initialize_tasks_exists_after_patch": true,
    "timestamp": "2025-07-11T04:33:54.894176"
  },
  {
    "module_name": "cortex",
    "file_path": "myiu/cortex.py",
    "output_file": "myiu/cortex.py",
    "status": "SUCCESS",
    "message": "Phương thức initialize_tasks() đã được inject/cập nhật.",
    "patched_method_body": "        \"\"\"Khởi tạo các tác vụ bất đồng bộ của module này.\"\"\"\n        asyncio.create_task(self._subscribe_to_snapshots())\n        asyncio.create_task(self._register_default_genes())",
    "removed_from_init": [],
    "initialize_tasks_exists_after_patch": true,
    "timestamp": "2025-07-11T04:42:48.307821"
  },
  {
    "module_name": "reflection_engine",
    "file_path": "myiu/reflection_engine.py",
    "output_file": "myiu/reflection_engine.py",
    "status": "SUCCESS",
    "message": "Phương thức initialize_tasks() đã được inject/cập nhật.",
    "patched_method_body": "        \"\"\"Khởi tạo các tác vụ bất đồng bộ của module này, được gọi bởi initializer.\"\"\"\n        pass # No async tasks found in __init__ to move",
    "removed_from_init": [],
    "initialize_tasks_exists_after_patch": true,
    "timestamp": "2025-07-11T04:42:48.310008"
  },
  {
    "module_name": "emotional_cache",
    "file_path": "myiu/emotional_cache.py",
    "output_file": "myiu/emotional_cache.py",
    "status": "SUCCESS",
    "message": "Phương thức initialize_tasks() đã được inject/cập nhật.",
    "patched_method_body": "        \"\"\"Khởi tạo các tác vụ bất đồng bộ của module này, được gọi bởi initializer.\"\"\"\n        pass # No async tasks found in __init__ to move",
    "removed_from_init": [],
    "initialize_tasks_exists_after_patch": true,
    "timestamp": "2025-07-11T04:42:48.311536"
  },
  {
    "module_name": "rule_evaluator",
    "file_path": "myiu/rule_evaluator.py",
    "output_file": "myiu/rule_evaluator.py",
    "status": "SUCCESS",
    "message": "Phương thức initialize_tasks() đã được inject/cập nhật.",
    "patched_method_body": "        \"\"\"Khởi tạo các tác vụ bất đồng bộ của module này, được gọi bởi initializer.\"\"\"\n        pass # No async tasks found in __init__ to move",
    "removed_from_init": [],
    "initialize_tasks_exists_after_patch": true,
    "timestamp": "2025-07-11T04:42:48.313559"
  },
  {
    "module_name": "archetype_drift_tracker",
    "file_path": "myiu/archetype_drift_tracker.py",
    "output_file": "myiu/archetype_drift_tracker.py",
    "status": "SUCCESS",
    "message": "Phương thức initialize_tasks() đã được inject/cập nhật.",
    "patched_method_body": "        \"\"\"Khởi tạo các tác vụ bất đồng bộ của module này, được gọi bởi initializer.\"\"\"\n        pass # No async tasks found in __init__ to move",
    "removed_from_init": [],
    "initialize_tasks_exists_after_patch": true,
    "timestamp": "2025-07-11T04:42:48.315358"
  },
  {
    "module_name": "meta_reflection_engine",
    "file_path": "myiu/meta_reflection_engine.py",
    "output_file": "myiu/meta_reflection_engine.py",
    "status": "SUCCESS",
    "message": "Phương thức initialize_tasks() đã được inject/cập nhật.",
    "patched_method_body": "        \"\"\"Khởi tạo các tác vụ bất đồng bộ của module này, được gọi bởi initializer.\"\"\"\n        pass # No async tasks found in __init__ to move",
    "removed_from_init": [],
    "initialize_tasks_exists_after_patch": true,
    "timestamp": "2025-07-11T04:42:48.317019"
  },
  {
    "module_name": "resilience_engine",
    "file_path": "myiu/resilience_engine.py",
    "output_file": "myiu/resilience_engine.py",
    "status": "SUCCESS",
    "message": "Phương thức initialize_tasks() đã được inject/cập nhật.",
    "patched_method_body": "        \"\"\"Khởi tạo các tác vụ bất đồng bộ của module này, được gọi bởi initializer.\"\"\"\n        pass # No async tasks found in __init__ to move",
    "removed_from_init": [],
    "initialize_tasks_exists_after_patch": true,
    "timestamp": "2025-07-11T04:42:48.318730"
  },
  {
    "module_name": "essence_compiler",
    "file_path": "myiu/essence_compiler.py",
    "output_file": "myiu/essence_compiler.py",
    "status": "SUCCESS",
    "message": "Phương thức initialize_tasks() đã được inject/cập nhật.",
    "patched_method_body": "        \"\"\"Khởi tạo các tác vụ bất đồng bộ của module này, được gọi bởi initializer.\"\"\"\n        pass # No async tasks found in __init__ to move",
    "removed_from_init": [],
    "initialize_tasks_exists_after_patch": true,
    "timestamp": "2025-07-11T04:42:48.320394"
  },
  {
    "module_name": "ontology_cache",
    "file_path": "myiu/ontology_cache.py",
    "output_file": "myiu/ontology_cache.py",
    "status": "SUCCESS",
    "message": "Phương thức initialize_tasks() đã được inject/cập nhật.",
    "patched_method_body": "        \"\"\"Khởi tạo các tác vụ bất đồng bộ của module này, được gọi bởi initializer.\"\"\"\n        pass # No async tasks found in __init__ to move",
    "removed_from_init": [],
    "initialize_tasks_exists_after_patch": true,
    "timestamp": "2025-07-11T04:42:48.322025"
  },
  {
    "module_name": "ontology_mutator",
    "file_path": "myiu/ontology_mutator.py",
    "output_file": "myiu/ontology_mutator.py",
    "status": "SUCCESS",
    "message": "Phương thức initialize_tasks() đã được inject/cập nhật.",
    "patched_method_body": "        \"\"\"Khởi tạo các tác vụ bất đồng bộ của module này, được gọi bởi initializer.\"\"\"\n        pass # No async tasks found in __init__ to move",
    "removed_from_init": [],
    "initialize_tasks_exists_after_patch": true,
    "timestamp": "2025-07-11T04:42:48.323725"
  },
  {
    "module_name": "law_synthesizer",
    "file_path": "myiu/law_synthesizer.py",
    "output_file": "myiu/law_synthesizer.py",
    "status": "SUCCESS",
    "message": "Phương thức initialize_tasks() đã được inject/cập nhật.",
    "patched_method_body": "        \"\"\"Khởi tạo các tác vụ bất đồng bộ của module này, được gọi bởi initializer.\"\"\"\n        pass # No async tasks found in __init__ to move",
    "removed_from_init": [],
    "initialize_tasks_exists_after_patch": true,
    "timestamp": "2025-07-11T04:42:48.325497"
  },
  {
    "module_name": "volition_core",
    "file_path": "myiu/volition_core.py",
    "output_file": "myiu/volition_core.py",
    "status": "SUCCESS",
    "message": "Phương thức initialize_tasks() đã được inject/cập nhật.",
    "patched_method_body": "        \"\"\"Khởi tạo các tác vụ bất đồng bộ của module này, được gọi bởi initializer.\"\"\"\n        pass # No async tasks found in __init__ to move",
    "removed_from_init": [],
    "initialize_tasks_exists_after_patch": true,
    "timestamp": "2025-07-11T04:42:48.327439"
  },
  {
    "module_name": "moral_simulator",
    "file_path": "myiu/moral_simulator.py",
    "output_file": "myiu/moral_simulator.py",
    "status": "SUCCESS",
    "message": "Phương thức initialize_tasks() đã được inject/cập nhật.",
    "patched_method_body": "        \"\"\"Khởi tạo các tác vụ bất đồng bộ của module này, được gọi bởi initializer.\"\"\"\n        pass # No async tasks found in __init__ to move",
    "removed_from_init": [],
    "initialize_tasks_exists_after_patch": true,
    "timestamp": "2025-07-11T04:42:48.329321"
  },
  {
    "module_name": "archetype_dispatcher",
    "file_path": "myiu/archetype_dispatcher.py",
    "output_file": "myiu/archetype_dispatcher.py",
    "status": "SUCCESS",
    "message": "Phương thức initialize_tasks() đã được inject/cập nhật.",
    "patched_method_body": "        \"\"\"Khởi tạo các tác vụ bất đồng bộ của module này, được gọi bởi initializer.\"\"\"\n        pass # No async tasks found in __init__ to move",
    "removed_from_init": [],
    "initialize_tasks_exists_after_patch": true,
    "timestamp": "2025-07-11T04:42:48.331164"
  },
  {
    "module_name": "temporal_drift",
    "file_path": "myiu/temporal_drift.py",
    "output_file": "myiu/temporal_drift.py",
    "status": "SUCCESS",
    "message": "Phương thức initialize_tasks() đã được inject/cập nhật.",
    "patched_method_body": "        \"\"\"Khởi tạo các tác vụ bất đồng bộ của module này, được gọi bởi initializer.\"\"\"\n        pass # No async tasks found in __init__ to move",
    "removed_from_init": [],
    "initialize_tasks_exists_after_patch": true,
    "timestamp": "2025-07-11T04:42:48.333068"
  },
  {
    "module_name": "gen_editor",
    "file_path": "myiu/gen_editor.py",
    "output_file": "myiu/gen_editor.py",
    "status": "SUCCESS",
    "message": "Phương thức initialize_tasks() đã được inject/cập nhật.",
    "patched_method_body": "        \"\"\"Khởi tạo các tác vụ bất đồng bộ của module này, được gọi bởi initializer.\"\"\"\n        pass # No async tasks found in __init__ to move",
    "removed_from_init": [],
    "initialize_tasks_exists_after_patch": true,
    "timestamp": "2025-07-11T04:42:48.334925"
  },
  {
    "module_name": "law_validator",
    "file_path": "myiu/law_validator.py",
    "output_file": "myiu/law_validator.py",
    "status": "SUCCESS",
    "message": "Phương thức initialize_tasks() đã được inject/cập nhật.",
    "patched_method_body": "        \"\"\"Khởi tạo các tác vụ bất đồng bộ của module này, được gọi bởi initializer.\"\"\"\n        pass # No async tasks found in __init__ to move",
    "removed_from_init": [],
    "initialize_tasks_exists_after_patch": true,
    "timestamp": "2025-07-11T04:42:48.337146"
  },
  {
    "module_name": "rule_generator",
    "file_path": "myiu/rule_generator.py",
    "output_file": "myiu/rule_generator.py",
    "status": "SUCCESS",
    "message": "Phương thức initialize_tasks() đã được inject/cập nhật.",
    "patched_method_body": "        \"\"\"Khởi tạo các tác vụ bất đồng bộ của module này, được gọi bởi initializer.\"\"\"\n        pass # No async tasks found in __init__ to move",
    "removed_from_init": [],
    "initialize_tasks_exists_after_patch": true,
    "timestamp": "2025-07-11T04:42:48.339396"
  },
  {
    "module_name": "memory",
    "file_path": "myiu/memory.py",
    "output_file": "myiu/memory.py",
    "status": "SUCCESS",
    "message": "Phương thức initialize_tasks() đã được inject/cập nhật.",
    "patched_method_body": "        \"\"\"Khởi tạo các tác vụ bất đồng bộ của module này, được gọi bởi initializer.\"\"\"\n        pass # No async tasks found in __init__ to move",
    "removed_from_init": [],
    "initialize_tasks_exists_after_patch": true,
    "timestamp": "2025-07-11T04:42:48.341505"
  },
  {
    "module_name": "volition",
    "file_path": "myiu/volition.py",
    "output_file": "myiu/volition.py",
    "status": "SUCCESS",
    "message": "Phương thức initialize_tasks() đã được inject/cập nhật.",
    "patched_method_body": "        \"\"\"Khởi tạo các tác vụ bất đồng bộ của module này, được gọi bởi initializer.\"\"\"\n        pass # No async tasks found in __init__ to move",
    "removed_from_init": [],
    "initialize_tasks_exists_after_patch": true,
    "timestamp": "2025-07-11T04:42:48.343373"
  },
  {
    "module_name": "cortex",
    "file_path": "myiu/cortex.py",
    "output_file": "myiu/cortex.py",
    "status": "SUCCESS",
    "message": "Phương thức initialize_tasks() đã được inject/cập nhật.",
    "patched_method_body": "        \"\"\"Khởi tạo các tác vụ bất đồng bộ của module này.\"\"\"\n        asyncio.create_task(self._subscribe_to_snapshots())\n        asyncio.create_task(self._register_default_genes())",
    "removed_from_init": [],
    "initialize_tasks_exists_after_patch": true,
    "timestamp": "2025-07-11T05:01:27.549250"
  },
  {
    "module_name": "reflection_engine",
    "file_path": "myiu/reflection_engine.py",
    "output_file": "myiu/reflection_engine.py",
    "status": "SUCCESS",
    "message": "Phương thức initialize_tasks() đã được inject/cập nhật.",
    "patched_method_body": "        \"\"\"Khởi tạo các tác vụ bất đồng bộ của module này, được gọi bởi initializer.\"\"\"\n        pass # No async tasks found in __init__ to move",
    "removed_from_init": [],
    "initialize_tasks_exists_after_patch": true,
    "timestamp": "2025-07-11T05:01:27.551554"
  },
  {
    "module_name": "emotional_cache",
    "file_path": "myiu/emotional_cache.py",
    "output_file": "myiu/emotional_cache.py",
    "status": "SUCCESS",
    "message": "Phương thức initialize_tasks() đã được inject/cập nhật.",
    "patched_method_body": "        \"\"\"Khởi tạo các tác vụ bất đồng bộ của module này, được gọi bởi initializer.\"\"\"\n        pass # No async tasks found in __init__ to move",
    "removed_from_init": [],
    "initialize_tasks_exists_after_patch": true,
    "timestamp": "2025-07-11T05:01:27.564422"
  },
  {
    "module_name": "rule_evaluator",
    "file_path": "myiu/rule_evaluator.py",
    "output_file": "myiu/rule_evaluator.py",
    "status": "SUCCESS",
    "message": "Phương thức initialize_tasks() đã được inject/cập nhật.",
    "patched_method_body": "        \"\"\"Khởi tạo các tác vụ bất đồng bộ của module này, được gọi bởi initializer.\"\"\"\n        pass # No async tasks found in __init__ to move",
    "removed_from_init": [],
    "initialize_tasks_exists_after_patch": true,
    "timestamp": "2025-07-11T05:01:27.566792"
  },
  {
    "module_name": "archetype_drift_tracker",
    "file_path": "myiu/archetype_drift_tracker.py",
    "output_file": "myiu/archetype_drift_tracker.py",
    "status": "SUCCESS",
    "message": "Phương thức initialize_tasks() đã được inject/cập nhật.",
    "patched_method_body": "        \"\"\"Khởi tạo các tác vụ bất đồng bộ của module này, được gọi bởi initializer.\"\"\"\n        pass # No async tasks found in __init__ to move",
    "removed_from_init": [],
    "initialize_tasks_exists_after_patch": true,
    "timestamp": "2025-07-11T05:01:27.572121"
  },
  {
    "module_name": "meta_reflection_engine",
    "file_path": "myiu/meta_reflection_engine.py",
    "output_file": "myiu/meta_reflection_engine.py",
    "status": "SUCCESS",
    "message": "Phương thức initialize_tasks() đã được inject/cập nhật.",
    "patched_method_body": "        \"\"\"Khởi tạo các tác vụ bất đồng bộ của module này, được gọi bởi initializer.\"\"\"\n        pass # No async tasks found in __init__ to move",
    "removed_from_init": [],
    "initialize_tasks_exists_after_patch": true,
    "timestamp": "2025-07-11T05:01:27.574236"
  },
  {
    "module_name": "resilience_engine",
    "file_path": "myiu/resilience_engine.py",
    "output_file": "myiu/resilience_engine.py",
    "status": "SUCCESS",
    "message": "Phương thức initialize_tasks() đã được inject/cập nhật.",
    "patched_method_body": "        \"\"\"Khởi tạo các tác vụ bất đồng bộ của module này, được gọi bởi initializer.\"\"\"\n        pass # No async tasks found in __init__ to move",
    "removed_from_init": [],
    "initialize_tasks_exists_after_patch": true,
    "timestamp": "2025-07-11T05:01:27.576434"
  },
  {
    "module_name": "essence_compiler",
    "file_path": "myiu/essence_compiler.py",
    "output_file": "myiu/essence_compiler.py",
    "status": "SUCCESS",
    "message": "Phương thức initialize_tasks() đã được inject/cập nhật.",
    "patched_method_body": "        \"\"\"Khởi tạo các tác vụ bất đồng bộ của module này, được gọi bởi initializer.\"\"\"\n        pass # No async tasks found in __init__ to move",
    "removed_from_init": [],
    "initialize_tasks_exists_after_patch": true,
    "timestamp": "2025-07-11T05:01:27.578578"
  },
  {
    "module_name": "ontology_cache",
    "file_path": "myiu/ontology_cache.py",
    "output_file": "myiu/ontology_cache.py",
    "status": "SUCCESS",
    "message": "Phương thức initialize_tasks() đã được inject/cập nhật.",
    "patched_method_body": "        \"\"\"Khởi tạo các tác vụ bất đồng bộ của module này, được gọi bởi initializer.\"\"\"\n        pass # No async tasks found in __init__ to move",
    "removed_from_init": [],
    "initialize_tasks_exists_after_patch": true,
    "timestamp": "2025-07-11T05:01:27.582881"
  },
  {
    "module_name": "ontology_mutator",
    "file_path": "myiu/ontology_mutator.py",
    "output_file": "myiu/ontology_mutator.py",
    "status": "SUCCESS",
    "message": "Phương thức initialize_tasks() đã được inject/cập nhật.",
    "patched_method_body": "        \"\"\"Khởi tạo các tác vụ bất đồng bộ của module này, được gọi bởi initializer.\"\"\"\n        pass # No async tasks found in __init__ to move",
    "removed_from_init": [],
    "initialize_tasks_exists_after_patch": true,
    "timestamp": "2025-07-11T05:01:27.588563"
  },
  {
    "module_name": "law_synthesizer",
    "file_path": "myiu/law_synthesizer.py",
    "output_file": "myiu/law_synthesizer.py",
    "status": "SUCCESS",
    "message": "Phương thức initialize_tasks() đã được inject/cập nhật.",
    "patched_method_body": "        \"\"\"Khởi tạo các tác vụ bất đồng bộ của module này, được gọi bởi initializer.\"\"\"\n        pass # No async tasks found in __init__ to move",
    "removed_from_init": [],
    "initialize_tasks_exists_after_patch": true,
    "timestamp": "2025-07-11T05:01:27.604035"
  },
  {
    "module_name": "volition_core",
    "file_path": "myiu/volition_core.py",
    "output_file": "myiu/volition_core.py",
    "status": "SUCCESS",
    "message": "Phương thức initialize_tasks() đã được inject/cập nhật.",
    "patched_method_body": "        \"\"\"Khởi tạo các tác vụ bất đồng bộ của module này, được gọi bởi initializer.\"\"\"\n        pass # No async tasks found in __init__ to move",
    "removed_from_init": [],
    "initialize_tasks_exists_after_patch": true,
    "timestamp": "2025-07-11T05:01:27.606468"
  },
  {
    "module_name": "moral_simulator",
    "file_path": "myiu/moral_simulator.py",
    "output_file": "myiu/moral_simulator.py",
    "status": "SUCCESS",
    "message": "Phương thức initialize_tasks() đã được inject/cập nhật.",
    "patched_method_body": "        \"\"\"Khởi tạo các tác vụ bất đồng bộ của module này, được gọi bởi initializer.\"\"\"\n        pass # No async tasks found in __init__ to move",
    "removed_from_init": [],
    "initialize_tasks_exists_after_patch": true,
    "timestamp": "2025-07-11T05:01:27.613259"
  },
  {
    "module_name": "archetype_dispatcher",
    "file_path": "myiu/archetype_dispatcher.py",
    "output_file": "myiu/archetype_dispatcher.py",
    "status": "SUCCESS",
    "message": "Phương thức initialize_tasks() đã được inject/cập nhật.",
    "patched_method_body": "        \"\"\"Khởi tạo các tác vụ bất đồng bộ của module này, được gọi bởi initializer.\"\"\"\n        pass # No async tasks found in __init__ to move",
    "removed_from_init": [],
    "initialize_tasks_exists_after_patch": true,
    "timestamp": "2025-07-11T05:01:27.624332"
  },
  {
    "module_name": "temporal_drift",
    "file_path": "myiu/temporal_drift.py",
    "output_file": "myiu/temporal_drift.py",
    "status": "SUCCESS",
    "message": "Phương thức initialize_tasks() đã được inject/cập nhật.",
    "patched_method_body": "        \"\"\"Khởi tạo các tác vụ bất đồng bộ của module này, được gọi bởi initializer.\"\"\"\n        pass # No async tasks found in __init__ to move",
    "removed_from_init": [],
    "initialize_tasks_exists_after_patch": true,
    "timestamp": "2025-07-11T05:01:27.632681"
  },
  {
    "module_name": "gen_editor",
    "file_path": "myiu/gen_editor.py",
    "output_file": "myiu/gen_editor.py",
    "status": "SUCCESS",
    "message": "Phương thức initialize_tasks() đã được inject/cập nhật.",
    "patched_method_body": "        \"\"\"Khởi tạo các tác vụ bất đồng bộ của module này, được gọi bởi initializer.\"\"\"\n        pass # No async tasks found in __init__ to move",
    "removed_from_init": [],
    "initialize_tasks_exists_after_patch": true,
    "timestamp": "2025-07-11T05:01:27.639470"
  },
  {
    "module_name": "law_validator",
    "file_path": "myiu/law_validator.py",
    "output_file": "myiu/law_validator.py",
    "status": "SUCCESS",
    "message": "Phương thức initialize_tasks() đã được inject/cập nhật.",
    "patched_method_body": "        \"\"\"Khởi tạo các tác vụ bất đồng bộ của module này, được gọi bởi initializer.\"\"\"\n        pass # No async tasks found in __init__ to move",
    "removed_from_init": [],
    "initialize_tasks_exists_after_patch": true,
    "timestamp": "2025-07-11T05:01:27.642847"
  },
  {
    "module_name": "rule_generator",
    "file_path": "myiu/rule_generator.py",
    "output_file": "myiu/rule_generator.py",
    "status": "SUCCESS",
    "message": "Phương thức initialize_tasks() đã được inject/cập nhật.",
    "patched_method_body": "        \"\"\"Khởi tạo các tác vụ bất đồng bộ của module này, được gọi bởi initializer.\"\"\"\n        pass # No async tasks found in __init__ to move",
    "removed_from_init": [],
    "initialize_tasks_exists_after_patch": true,
    "timestamp": "2025-07-11T05:01:27.646835"
  },
  {
    "module_name": "memory",
    "file_path": "myiu/memory.py",
    "output_file": "myiu/memory.py",
    "status": "SUCCESS",
    "message": "Phương thức initialize_tasks() đã được inject/cập nhật.",
    "patched_method_body": "        \"\"\"Khởi tạo các tác vụ bất đồng bộ của module này, được gọi bởi initializer.\"\"\"\n        pass # No async tasks found in __init__ to move",
    "removed_from_init": [],
    "initialize_tasks_exists_after_patch": true,
    "timestamp": "2025-07-11T05:01:27.652807"
  },
  {
    "module_name": "volition",
    "file_path": "myiu/volition.py",
    "output_file": "myiu/volition.py",
    "status": "SUCCESS",
    "message": "Phương thức initialize_tasks() đã được inject/cập nhật.",
    "patched_method_body": "        \"\"\"Khởi tạo các tác vụ bất đồng bộ của module này, được gọi bởi initializer.\"\"\"\n        pass # No async tasks found in __init__ to move",
    "removed_from_init": [],
    "initialize_tasks_exists_after_patch": true,
    "timestamp": "2025-07-11T05:01:27.658420"
  },
  {
    "module_name": "cortex",
    "file_path": "myiu/cortex.py",
    "output_file": "myiu/cortex.py",
    "status": "SUCCESS",
    "message": "Phương thức initialize_tasks() đã được inject/cập nhật.",
    "patched_method_body": "        \"\"\"Khởi tạo các tác vụ bất đồng bộ của module này, được gọi bởi initializer.\"\"\"\n        # --- SmartPatchEngine: Async tasks moved to initialize_tasks() --- \n        asyncio.create_task(self._subscribe_to_snapshots())\n        await self._register_default_genes() # await vì hàm này cần hoàn thành khi khởi động\n        print(\"Cortex: Đã hoàn tất khởi tạo bất đồng bộ.\")",
    "removed_from_init": [],
    "initialize_tasks_exists_after_patch": true,
    "timestamp": "2025-07-11T05:25:54.558558"
  },
  {
    "module_name": "reflection_engine",
    "file_path": "myiu/reflection_engine.py",
    "output_file": "myiu/reflection_engine.py",
    "status": "SUCCESS",
    "message": "Phương thức initialize_tasks() đã được inject/cập nhật.",
    "patched_method_body": "        \"\"\"Khởi tạo các tác vụ bất đồng bộ của module này, được gọi bởi initializer.\"\"\"\n        pass # No async tasks found in __init__ to move",
    "removed_from_init": [],
    "initialize_tasks_exists_after_patch": true,
    "timestamp": "2025-07-11T05:25:54.563862"
  },
  {
    "module_name": "emotional_cache",
    "file_path": "myiu/emotional_cache.py",
    "output_file": "myiu/emotional_cache.py",
    "status": "SUCCESS",
    "message": "Phương thức initialize_tasks() đã được inject/cập nhật.",
    "patched_method_body": "        \"\"\"Khởi tạo các tác vụ bất đồng bộ của module này, được gọi bởi initializer.\"\"\"\n        pass # No async tasks found in __init__ to move",
    "removed_from_init": [],
    "initialize_tasks_exists_after_patch": true,
    "timestamp": "2025-07-11T05:25:54.568350"
  },
  {
    "module_name": "rule_evaluator",
    "file_path": "myiu/rule_evaluator.py",
    "output_file": "myiu/rule_evaluator.py",
    "status": "SUCCESS",
    "message": "Phương thức initialize_tasks() đã được inject/cập nhật.",
    "patched_method_body": "        \"\"\"Khởi tạo các tác vụ bất đồng bộ của module này, được gọi bởi initializer.\"\"\"\n        pass # No async tasks found in __init__ to move",
    "removed_from_init": [],
    "initialize_tasks_exists_after_patch": true,
    "timestamp": "2025-07-11T05:25:54.573031"
  },
  {
    "module_name": "archetype_drift_tracker",
    "file_path": "myiu/archetype_drift_tracker.py",
    "output_file": "myiu/archetype_drift_tracker.py",
    "status": "SUCCESS",
    "message": "Phương thức initialize_tasks() đã được inject/cập nhật.",
    "patched_method_body": "        \"\"\"Khởi tạo các tác vụ bất đồng bộ của module này, được gọi bởi initializer.\"\"\"\n        pass # No async tasks found in __init__ to move",
    "removed_from_init": [],
    "initialize_tasks_exists_after_patch": true,
    "timestamp": "2025-07-11T05:25:54.577602"
  },
  {
    "module_name": "meta_reflection_engine",
    "file_path": "myiu/meta_reflection_engine.py",
    "output_file": "myiu/meta_reflection_engine.py",
    "status": "SUCCESS",
    "message": "Phương thức initialize_tasks() đã được inject/cập nhật.",
    "patched_method_body": "        \"\"\"Khởi tạo các tác vụ bất đồng bộ của module này, được gọi bởi initializer.\"\"\"\n        pass # No async tasks found in __init__ to move",
    "removed_from_init": [],
    "initialize_tasks_exists_after_patch": true,
    "timestamp": "2025-07-11T05:25:54.582120"
  },
  {
    "module_name": "resilience_engine",
    "file_path": "myiu/resilience_engine.py",
    "output_file": "myiu/resilience_engine.py",
    "status": "SUCCESS",
    "message": "Phương thức initialize_tasks() đã được inject/cập nhật.",
    "patched_method_body": "        \"\"\"Khởi tạo các tác vụ bất đồng bộ của module này, được gọi bởi initializer.\"\"\"\n        pass # No async tasks found in __init__ to move",
    "removed_from_init": [],
    "initialize_tasks_exists_after_patch": true,
    "timestamp": "2025-07-11T05:25:54.586749"
  },
  {
    "module_name": "essence_compiler",
    "file_path": "myiu/essence_compiler.py",
    "output_file": "myiu/essence_compiler.py",
    "status": "SUCCESS",
    "message": "Phương thức initialize_tasks() đã được inject/cập nhật.",
    "patched_method_body": "        \"\"\"Khởi tạo các tác vụ bất đồng bộ của module này, được gọi bởi initializer.\"\"\"\n        pass # No async tasks found in __init__ to move",
    "removed_from_init": [],
    "initialize_tasks_exists_after_patch": true,
    "timestamp": "2025-07-11T05:25:54.591553"
  },
  {
    "module_name": "ontology_cache",
    "file_path": "myiu/ontology_cache.py",
    "output_file": "myiu/ontology_cache.py",
    "status": "SUCCESS",
    "message": "Phương thức initialize_tasks() đã được inject/cập nhật.",
    "patched_method_body": "        \"\"\"Khởi tạo các tác vụ bất đồng bộ của module này, được gọi bởi initializer.\"\"\"\n        pass # No async tasks found in __init__ to move",
    "removed_from_init": [],
    "initialize_tasks_exists_after_patch": true,
    "timestamp": "2025-07-11T05:25:54.596335"
  },
  {
    "module_name": "ontology_mutator",
    "file_path": "myiu/ontology_mutator.py",
    "output_file": "myiu/ontology_mutator.py",
    "status": "SUCCESS",
    "message": "Phương thức initialize_tasks() đã được inject/cập nhật.",
    "patched_method_body": "        \"\"\"Khởi tạo các tác vụ bất đồng bộ của module này, được gọi bởi initializer.\"\"\"\n        pass # No async tasks found in __init__ to move",
    "removed_from_init": [],
    "initialize_tasks_exists_after_patch": true,
    "timestamp": "2025-07-11T05:25:54.600820"
  },
  {
    "module_name": "law_synthesizer",
    "file_path": "myiu/law_synthesizer.py",
    "output_file": "myiu/law_synthesizer.py",
    "status": "SUCCESS",
    "message": "Phương thức initialize_tasks() đã được inject/cập nhật.",
    "patched_method_body": "        \"\"\"Khởi tạo các tác vụ bất đồng bộ của module này, được gọi bởi initializer.\"\"\"\n        pass # No async tasks found in __init__ to move",
    "removed_from_init": [],
    "initialize_tasks_exists_after_patch": true,
    "timestamp": "2025-07-11T05:25:54.605922"
  },
  {
    "module_name": "volition_core",
    "file_path": "myiu/volition_core.py",
    "output_file": "myiu/volition_core.py",
    "status": "SUCCESS",
    "message": "Phương thức initialize_tasks() đã được inject/cập nhật.",
    "patched_method_body": "        \"\"\"Khởi tạo các tác vụ bất đồng bộ của module này, được gọi bởi initializer.\"\"\"\n        pass # No async tasks found in __init__ to move",
    "removed_from_init": [],
    "initialize_tasks_exists_after_patch": true,
    "timestamp": "2025-07-11T05:25:54.610811"
  },
  {
    "module_name": "moral_simulator",
    "file_path": "myiu/moral_simulator.py",
    "output_file": "myiu/moral_simulator.py",
    "status": "SUCCESS",
    "message": "Phương thức initialize_tasks() đã được inject/cập nhật.",
    "patched_method_body": "        \"\"\"Khởi tạo các tác vụ bất đồng bộ của module này, được gọi bởi initializer.\"\"\"\n        pass # No async tasks found in __init__ to move",
    "removed_from_init": [],
    "initialize_tasks_exists_after_patch": true,
    "timestamp": "2025-07-11T05:25:54.615480"
  },
  {
    "module_name": "archetype_dispatcher",
    "file_path": "myiu/archetype_dispatcher.py",
    "output_file": "myiu/archetype_dispatcher.py",
    "status": "SUCCESS",
    "message": "Phương thức initialize_tasks() đã được inject/cập nhật.",
    "patched_method_body": "        \"\"\"Khởi tạo các tác vụ bất đồng bộ của module này, được gọi bởi initializer.\"\"\"\n        pass # No async tasks found in __init__ to move",
    "removed_from_init": [],
    "initialize_tasks_exists_after_patch": true,
    "timestamp": "2025-07-11T05:25:54.620362"
  },
  {
    "module_name": "temporal_drift",
    "file_path": "myiu/temporal_drift.py",
    "output_file": "myiu/temporal_drift.py",
    "status": "SUCCESS",
    "message": "Phương thức initialize_tasks() đã được inject/cập nhật.",
    "patched_method_body": "        \"\"\"Khởi tạo các tác vụ bất đồng bộ của module này, được gọi bởi initializer.\"\"\"\n        # --- SmartPatchEngine: Async tasks moved to initialize_tasks() --- \n        asyncio.create_task(self._monitor_for_dilation_triggers())\n        print(\"TemporalDrift: Đã hoàn tất khởi tạo bất đồng bộ.\")",
    "removed_from_init": [],
    "initialize_tasks_exists_after_patch": true,
    "timestamp": "2025-07-11T05:25:54.625339"
  },
  {
    "module_name": "gen_editor",
    "file_path": "myiu/gen_editor.py",
    "output_file": "myiu/gen_editor.py",
    "status": "SUCCESS",
    "message": "Phương thức initialize_tasks() đã được inject/cập nhật.",
    "patched_method_body": "        \"\"\"Khởi tạo các tác vụ bất đồng bộ của module này, được gọi bởi initializer.\"\"\"\n        pass # No async tasks found in __init__ to move",
    "removed_from_init": [],
    "initialize_tasks_exists_after_patch": true,
    "timestamp": "2025-07-11T05:25:54.630330"
  },
  {
    "module_name": "law_validator",
    "file_path": "myiu/law_validator.py",
    "output_file": "myiu/law_validator.py",
    "status": "SUCCESS",
    "message": "Phương thức initialize_tasks() đã được inject/cập nhật.",
    "patched_method_body": "        \"\"\"Khởi tạo các tác vụ bất đồng bộ của module này, được gọi bởi initializer.\"\"\"\n        pass # No async tasks found in __init__ to move",
    "removed_from_init": [],
    "initialize_tasks_exists_after_patch": true,
    "timestamp": "2025-07-11T05:25:54.635736"
  },
  {
    "module_name": "rule_generator",
    "file_path": "myiu/rule_generator.py",
    "output_file": "myiu/rule_generator.py",
    "status": "SUCCESS",
    "message": "Phương thức initialize_tasks() đã được inject/cập nhật.",
    "patched_method_body": "        \"\"\"Khởi tạo các tác vụ bất đồng bộ của module này, được gọi bởi initializer.\"\"\"\n        # --- SmartPatchEngine: Async tasks moved to initialize_tasks() --- \n        asyncio.create_task(self._subscribe_to_thought_chunks())\n        asyncio.create_task(self._process_thought_chunks())\n        asyncio.create_task(self._subscribe_to_validation_results())\n        print(\"RuleGenerator: Đã hoàn tất khởi tạo bất đồng bộ.\")",
    "removed_from_init": [],
    "initialize_tasks_exists_after_patch": true,
    "timestamp": "2025-07-11T05:25:54.641368"
  },
  {
    "module_name": "memory",
    "file_path": "myiu/memory.py",
    "output_file": "myiu/memory.py",
    "status": "SUCCESS",
    "message": "Phương thức initialize_tasks() đã được inject/cập nhật.",
    "patched_method_body": "        \"\"\"Khởi tạo các tác vụ bất đồng bộ của module này, được gọi bởi initializer.\"\"\"\n        pass # No async tasks found in __init__ to move",
    "removed_from_init": [],
    "initialize_tasks_exists_after_patch": true,
    "timestamp": "2025-07-11T05:25:54.645241"
  },
  {
    "module_name": "volition",
    "file_path": "myiu/volition.py",
    "output_file": "myiu/volition.py",
    "status": "SUCCESS",
    "message": "Phương thức initialize_tasks() đã được inject/cập nhật.",
    "patched_method_body": "        \"\"\"Khởi tạo các tác vụ bất đồng bộ của module này, được gọi bởi initializer.\"\"\"\n        pass # No async tasks found in __init__ to move",
    "removed_from_init": [],
    "initialize_tasks_exists_after_patch": true,
    "timestamp": "2025-07-11T05:25:54.648238"
  },
  {
    "module_name": "cortex",
    "file_path": "myiu/cortex.py",
    "output_file": "myiu/cortex.py",
    "status": "SUCCESS",
    "message": "Phương thức initialize_tasks() đã được inject/cập nhật.",
    "patched_method_body": "        \"\"\"Khởi tạo các tác vụ bất đồng bộ của module này, được gọi bởi initializer.\"\"\"\n        # --- SmartPatchEngine: Async tasks moved to initialize_tasks() --- \n        asyncio.create_task(self._subscribe_to_snapshots())\n        await self._register_default_genes() # await vì hàm này cần hoàn thành khi khởi động\n        print(\"Cortex: Đã hoàn tất khởi tạo bất đồng bộ.\")",
    "removed_from_init": [],
    "initialize_tasks_exists_after_patch": true,
    "timestamp": "2025-07-11T05:57:50.300906"
  },
  {
    "module_name": "reflection_engine",
    "file_path": "myiu/reflection_engine.py",
    "output_file": "myiu/reflection_engine.py",
    "status": "SUCCESS",
    "message": "Phương thức initialize_tasks() đã được inject/cập nhật.",
    "patched_method_body": "        \"\"\"Khởi tạo các tác vụ bất đồng bộ của module này, được gọi bởi initializer.\"\"\"\n        pass # No async tasks found in __init__ to move",
    "removed_from_init": [],
    "initialize_tasks_exists_after_patch": true,
    "timestamp": "2025-07-11T05:57:50.304407"
  },
  {
    "module_name": "emotional_cache",
    "file_path": "myiu/emotional_cache.py",
    "output_file": "myiu/emotional_cache.py",
    "status": "SUCCESS",
    "message": "Phương thức initialize_tasks() đã được inject/cập nhật.",
    "patched_method_body": "        \"\"\"Khởi tạo các tác vụ bất đồng bộ của module này, được gọi bởi initializer.\"\"\"\n        pass # No async tasks found in __init__ to move",
    "removed_from_init": [],
    "initialize_tasks_exists_after_patch": true,
    "timestamp": "2025-07-11T05:57:50.307247"
  },
  {
    "module_name": "rule_evaluator",
    "file_path": "myiu/rule_evaluator.py",
    "output_file": "myiu/rule_evaluator.py",
    "status": "SUCCESS",
    "message": "Phương thức initialize_tasks() đã được inject/cập nhật.",
    "patched_method_body": "        \"\"\"Khởi tạo các tác vụ bất đồng bộ của module này, được gọi bởi initializer.\"\"\"\n        pass # No async tasks found in __init__ to move",
    "removed_from_init": [],
    "initialize_tasks_exists_after_patch": true,
    "timestamp": "2025-07-11T05:57:50.310796"
  },
  {
    "module_name": "archetype_drift_tracker",
    "file_path": "myiu/archetype_drift_tracker.py",
    "output_file": "myiu/archetype_drift_tracker.py",
    "status": "SUCCESS",
    "message": "Phương thức initialize_tasks() đã được inject/cập nhật.",
    "patched_method_body": "        \"\"\"Khởi tạo các tác vụ bất đồng bộ của module này, được gọi bởi initializer.\"\"\"\n        pass # No async tasks found in __init__ to move",
    "removed_from_init": [],
    "initialize_tasks_exists_after_patch": true,
    "timestamp": "2025-07-11T05:57:50.314371"
  },
  {
    "module_name": "meta_reflection_engine",
    "file_path": "myiu/meta_reflection_engine.py",
    "output_file": "myiu/meta_reflection_engine.py",
    "status": "SUCCESS",
    "message": "Phương thức initialize_tasks() đã được inject/cập nhật.",
    "patched_method_body": "        \"\"\"Khởi tạo các tác vụ bất đồng bộ của module này, được gọi bởi initializer.\"\"\"\n        pass # No async tasks found in __init__ to move",
    "removed_from_init": [],
    "initialize_tasks_exists_after_patch": true,
    "timestamp": "2025-07-11T05:57:50.317432"
  },
  {
    "module_name": "resilience_engine",
    "file_path": "myiu/resilience_engine.py",
    "output_file": "myiu/resilience_engine.py",
    "status": "SUCCESS",
    "message": "Phương thức initialize_tasks() đã được inject/cập nhật.",
    "patched_method_body": "        \"\"\"Khởi tạo các tác vụ bất đồng bộ của module này, được gọi bởi initializer.\"\"\"\n        pass # No async tasks found in __init__ to move",
    "removed_from_init": [],
    "initialize_tasks_exists_after_patch": true,
    "timestamp": "2025-07-11T05:57:50.320350"
  },
  {
    "module_name": "essence_compiler",
    "file_path": "myiu/essence_compiler.py",
    "output_file": "myiu/essence_compiler.py",
    "status": "SUCCESS",
    "message": "Phương thức initialize_tasks() đã được inject/cập nhật.",
    "patched_method_body": "        \"\"\"Khởi tạo các tác vụ bất đồng bộ của module này, được gọi bởi initializer.\"\"\"\n        pass # No async tasks found in __init__ to move",
    "removed_from_init": [],
    "initialize_tasks_exists_after_patch": true,
    "timestamp": "2025-07-11T05:57:50.323258"
  },
  {
    "module_name": "ontology_cache",
    "file_path": "myiu/ontology_cache.py",
    "output_file": "myiu/ontology_cache.py",
    "status": "SUCCESS",
    "message": "Phương thức initialize_tasks() đã được inject/cập nhật.",
    "patched_method_body": "        \"\"\"Khởi tạo các tác vụ bất đồng bộ của module này, được gọi bởi initializer.\"\"\"\n        pass # No async tasks found in __init__ to move",
    "removed_from_init": [],
    "initialize_tasks_exists_after_patch": true,
    "timestamp": "2025-07-11T05:57:50.326595"
  },
  {
    "module_name": "ontology_mutator",
    "file_path": "myiu/ontology_mutator.py",
    "output_file": "myiu/ontology_mutator.py",
    "status": "SUCCESS",
    "message": "Phương thức initialize_tasks() đã được inject/cập nhật.",
    "patched_method_body": "        \"\"\"Khởi tạo các tác vụ bất đồng bộ của module này, được gọi bởi initializer.\"\"\"\n        pass # No async tasks found in __init__ to move",
    "removed_from_init": [],
    "initialize_tasks_exists_after_patch": true,
    "timestamp": "2025-07-11T05:57:50.329942"
  },
  {
    "module_name": "law_synthesizer",
    "file_path": "myiu/law_synthesizer.py",
    "output_file": "myiu/law_synthesizer.py",
    "status": "SUCCESS",
    "message": "Phương thức initialize_tasks() đã được inject/cập nhật.",
    "patched_method_body": "        \"\"\"Khởi tạo các tác vụ bất đồng bộ của module này, được gọi bởi initializer.\"\"\"\n        pass # No async tasks found in __init__ to move",
    "removed_from_init": [],
    "initialize_tasks_exists_after_patch": true,
    "timestamp": "2025-07-11T05:57:50.332973"
  },
  {
    "module_name": "volition_core",
    "file_path": "myiu/volition_core.py",
    "output_file": "myiu/volition_core.py",
    "status": "SUCCESS",
    "message": "Phương thức initialize_tasks() đã được inject/cập nhật.",
    "patched_method_body": "        \"\"\"Khởi tạo các tác vụ bất đồng bộ của module này, được gọi bởi initializer.\"\"\"\n        pass # No async tasks found in __init__ to move",
    "removed_from_init": [],
    "initialize_tasks_exists_after_patch": true,
    "timestamp": "2025-07-11T05:57:50.336009"
  },
  {
    "module_name": "moral_simulator",
    "file_path": "myiu/moral_simulator.py",
    "output_file": "myiu/moral_simulator.py",
    "status": "SUCCESS",
    "message": "Phương thức initialize_tasks() đã được inject/cập nhật.",
    "patched_method_body": "        \"\"\"Khởi tạo các tác vụ bất đồng bộ của module này, được gọi bởi initializer.\"\"\"\n        pass # No async tasks found in __init__ to move",
    "removed_from_init": [],
    "initialize_tasks_exists_after_patch": true,
    "timestamp": "2025-07-11T05:57:50.339205"
  },
  {
    "module_name": "archetype_dispatcher",
    "file_path": "myiu/archetype_dispatcher.py",
    "output_file": "myiu/archetype_dispatcher.py",
    "status": "SUCCESS",
    "message": "Phương thức initialize_tasks() đã được inject/cập nhật.",
    "patched_method_body": "        \"\"\"Khởi tạo các tác vụ bất đồng bộ của module này, được gọi bởi initializer.\"\"\"\n        pass # No async tasks found in __init__ to move",
    "removed_from_init": [],
    "initialize_tasks_exists_after_patch": true,
    "timestamp": "2025-07-11T05:57:50.343479"
  },
  {
    "module_name": "temporal_drift",
    "file_path": "myiu/temporal_drift.py",
    "output_file": "myiu/temporal_drift.py",
    "status": "SUCCESS",
    "message": "Phương thức initialize_tasks() đã được inject/cập nhật.",
    "patched_method_body": "        \"\"\"Khởi tạo các tác vụ bất đồng bộ của module này, được gọi bởi initializer.\"\"\"\n        # --- SmartPatchEngine: Async tasks moved to initialize_tasks() --- \n        asyncio.create_task(self._monitor_for_dilation_triggers())\n        print(\"TemporalDrift: Đã hoàn tất khởi tạo bất đồng bộ.\")",
    "removed_from_init": [],
    "initialize_tasks_exists_after_patch": true,
    "timestamp": "2025-07-11T05:57:50.346932"
  },
  {
    "module_name": "gen_editor",
    "file_path": "myiu/gen_editor.py",
    "output_file": "myiu/gen_editor.py",
    "status": "SUCCESS",
    "message": "Phương thức initialize_tasks() đã được inject/cập nhật.",
    "patched_method_body": "        \"\"\"Khởi tạo các tác vụ bất đồng bộ của module này, được gọi bởi initializer.\"\"\"\n        pass # No async tasks found in __init__ to move",
    "removed_from_init": [],
    "initialize_tasks_exists_after_patch": true,
    "timestamp": "2025-07-11T05:57:50.349956"
  },
  {
    "module_name": "law_validator",
    "file_path": "myiu/law_validator.py",
    "output_file": "myiu/law_validator.py",
    "status": "SUCCESS",
    "message": "Phương thức initialize_tasks() đã được inject/cập nhật.",
    "patched_method_body": "        \"\"\"Khởi tạo các tác vụ bất đồng bộ của module này, được gọi bởi initializer.\"\"\"\n        pass # No async tasks found in __init__ to move",
    "removed_from_init": [],
    "initialize_tasks_exists_after_patch": true,
    "timestamp": "2025-07-11T05:57:50.353698"
  },
  {
    "module_name": "rule_generator",
    "file_path": "myiu/rule_generator.py",
    "output_file": "myiu/rule_generator.py",
    "status": "SUCCESS",
    "message": "Phương thức initialize_tasks() đã được inject/cập nhật.",
    "patched_method_body": "        \"\"\"Khởi tạo các tác vụ bất đồng bộ của module này, được gọi bởi initializer.\"\"\"\n        # --- SmartPatchEngine: Async tasks moved to initialize_tasks() --- \n        asyncio.create_task(self._subscribe_to_thought_chunks())\n        asyncio.create_task(self._process_thought_chunks())\n        asyncio.create_task(self._subscribe_to_validation_results())\n        print(\"RuleGenerator: Đã hoàn tất khởi tạo bất đồng bộ.\")",
    "removed_from_init": [],
    "initialize_tasks_exists_after_patch": true,
    "timestamp": "2025-07-11T05:57:50.358358"
  },
  {
    "module_name": "memory",
    "file_path": "myiu/memory.py",
    "output_file": "myiu/memory.py",
    "status": "SUCCESS",
    "message": "Phương thức initialize_tasks() đã được inject/cập nhật.",
    "patched_method_body": "        \"\"\"Khởi tạo các tác vụ bất đồng bộ của module này, được gọi bởi initializer.\"\"\"\n        pass # No async tasks found in __init__ to move",
    "removed_from_init": [],
    "initialize_tasks_exists_after_patch": true,
    "timestamp": "2025-07-11T05:57:50.362223"
  },
  {
    "module_name": "volition",
    "file_path": "myiu/volition.py",
    "output_file": "myiu/volition.py",
    "status": "SUCCESS",
    "message": "Phương thức initialize_tasks() đã được inject/cập nhật.",
    "patched_method_body": "        \"\"\"Khởi tạo các tác vụ bất đồng bộ của module này, được gọi bởi initializer.\"\"\"\n        pass # No async tasks found in __init__ to move",
    "removed_from_init": [],
    "initialize_tasks_exists_after_patch": true,
    "timestamp": "2025-07-11T05:57:50.365741"
  },
  {
    "module_name": "cortex",
    "file_path": "myiu/cortex.py",
    "output_file": "myiu/cortex.py",
    "status": "SUCCESS",
    "message": "Phương thức initialize_tasks() đã được inject/cập nhật.",
    "patched_method_body": "        \"\"\"Khởi tạo các tác vụ bất đồng bộ của module này, được gọi bởi initializer.\"\"\"\n        # --- SmartPatchEngine: Async tasks moved to initialize_tasks() --- \n        asyncio.create_task(self._subscribe_to_snapshots())\n        await self._register_default_genes() # await vì hàm này cần hoàn thành khi khởi động\n        print(\"Cortex: Đã hoàn tất khởi tạo bất đồng bộ.\")",
    "removed_from_init": [],
    "initialize_tasks_exists_after_patch": true,
    "timestamp": "2025-07-11T06:12:48.947242"
  },
  {
    "module_name": "reflection_engine",
    "file_path": "myiu/reflection_engine.py",
    "output_file": "myiu/reflection_engine.py",
    "status": "SUCCESS",
    "message": "Phương thức initialize_tasks() đã được inject/cập nhật.",
    "patched_method_body": "        \"\"\"Khởi tạo các tác vụ bất đồng bộ của module này, được gọi bởi initializer.\"\"\"\n        pass # No async tasks found in __init__ to move",
    "removed_from_init": [],
    "initialize_tasks_exists_after_patch": true,
    "timestamp": "2025-07-11T06:12:48.950913"
  },
  {
    "module_name": "emotional_cache",
    "file_path": "myiu/emotional_cache.py",
    "output_file": "myiu/emotional_cache.py",
    "status": "SUCCESS",
    "message": "Phương thức initialize_tasks() đã được inject/cập nhật.",
    "patched_method_body": "        \"\"\"Khởi tạo các tác vụ bất đồng bộ của module này, được gọi bởi initializer.\"\"\"\n        pass # No async tasks found in __init__ to move",
    "removed_from_init": [],
    "initialize_tasks_exists_after_patch": true,
    "timestamp": "2025-07-11T06:12:48.954194"
  },
  {
    "module_name": "rule_evaluator",
    "file_path": "myiu/rule_evaluator.py",
    "output_file": "myiu/rule_evaluator.py",
    "status": "SUCCESS",
    "message": "Phương thức initialize_tasks() đã được inject/cập nhật.",
    "patched_method_body": "        \"\"\"Khởi tạo các tác vụ bất đồng bộ của module này, được gọi bởi initializer.\"\"\"\n        pass # No async tasks found in __init__ to move",
    "removed_from_init": [],
    "initialize_tasks_exists_after_patch": true,
    "timestamp": "2025-07-11T06:12:48.957677"
  },
  {
    "module_name": "archetype_drift_tracker",
    "file_path": "myiu/archetype_drift_tracker.py",
    "output_file": "myiu/archetype_drift_tracker.py",
    "status": "SUCCESS",
    "message": "Phương thức initialize_tasks() đã được inject/cập nhật.",
    "patched_method_body": "        \"\"\"Khởi tạo các tác vụ bất đồng bộ của module này, được gọi bởi initializer.\"\"\"\n        pass # No async tasks found in __init__ to move",
    "removed_from_init": [],
    "initialize_tasks_exists_after_patch": true,
    "timestamp": "2025-07-11T06:12:48.961027"
  },
  {
    "module_name": "meta_reflection_engine",
    "file_path": "myiu/meta_reflection_engine.py",
    "output_file": "myiu/meta_reflection_engine.py",
    "status": "SUCCESS",
    "message": "Phương thức initialize_tasks() đã được inject/cập nhật.",
    "patched_method_body": "        \"\"\"Khởi tạo các tác vụ bất đồng bộ của module này, được gọi bởi initializer.\"\"\"\n        pass # No async tasks found in __init__ to move",
    "removed_from_init": [],
    "initialize_tasks_exists_after_patch": true,
    "timestamp": "2025-07-11T06:12:48.964300"
  },
  {
    "module_name": "resilience_engine",
    "file_path": "myiu/resilience_engine.py",
    "output_file": "myiu/resilience_engine.py",
    "status": "SUCCESS",
    "message": "Phương thức initialize_tasks() đã được inject/cập nhật.",
    "patched_method_body": "        \"\"\"Khởi tạo các tác vụ bất đồng bộ của module này, được gọi bởi initializer.\"\"\"\n        pass # No async tasks found in __init__ to move",
    "removed_from_init": [],
    "initialize_tasks_exists_after_patch": true,
    "timestamp": "2025-07-11T06:12:48.967646"
  },
  {
    "module_name": "essence_compiler",
    "file_path": "myiu/essence_compiler.py",
    "output_file": "myiu/essence_compiler.py",
    "status": "SUCCESS",
    "message": "Phương thức initialize_tasks() đã được inject/cập nhật.",
    "patched_method_body": "        \"\"\"Khởi tạo các tác vụ bất đồng bộ của module này, được gọi bởi initializer.\"\"\"\n        pass # No async tasks found in __init__ to move",
    "removed_from_init": [],
    "initialize_tasks_exists_after_patch": true,
    "timestamp": "2025-07-11T06:12:48.970915"
  },
  {
    "module_name": "ontology_cache",
    "file_path": "myiu/ontology_cache.py",
    "output_file": "myiu/ontology_cache.py",
    "status": "SUCCESS",
    "message": "Phương thức initialize_tasks() đã được inject/cập nhật.",
    "patched_method_body": "        \"\"\"Khởi tạo các tác vụ bất đồng bộ của module này, được gọi bởi initializer.\"\"\"\n        pass # No async tasks found in __init__ to move",
    "removed_from_init": [],
    "initialize_tasks_exists_after_patch": true,
    "timestamp": "2025-07-11T06:12:48.974167"
  },
  {
    "module_name": "ontology_mutator",
    "file_path": "myiu/ontology_mutator.py",
    "output_file": "myiu/ontology_mutator.py",
    "status": "SUCCESS",
    "message": "Phương thức initialize_tasks() đã được inject/cập nhật.",
    "patched_method_body": "        \"\"\"Khởi tạo các tác vụ bất đồng bộ của module này, được gọi bởi initializer.\"\"\"\n        pass # No async tasks found in __init__ to move",
    "removed_from_init": [],
    "initialize_tasks_exists_after_patch": true,
    "timestamp": "2025-07-11T06:12:48.977481"
  },
  {
    "module_name": "law_synthesizer",
    "file_path": "myiu/law_synthesizer.py",
    "output_file": "myiu/law_synthesizer.py",
    "status": "SUCCESS",
    "message": "Phương thức initialize_tasks() đã được inject/cập nhật.",
    "patched_method_body": "        \"\"\"Khởi tạo các tác vụ bất đồng bộ của module này, được gọi bởi initializer.\"\"\"\n        pass # No async tasks found in __init__ to move",
    "removed_from_init": [],
    "initialize_tasks_exists_after_patch": true,
    "timestamp": "2025-07-11T06:12:48.980842"
  },
  {
    "module_name": "volition_core",
    "file_path": "myiu/volition_core.py",
    "output_file": "myiu/volition_core.py",
    "status": "SUCCESS",
    "message": "Phương thức initialize_tasks() đã được inject/cập nhật.",
    "patched_method_body": "        \"\"\"Khởi tạo các tác vụ bất đồng bộ của module này, được gọi bởi initializer.\"\"\"\n        pass # No async tasks found in __init__ to move",
    "removed_from_init": [],
    "initialize_tasks_exists_after_patch": true,
    "timestamp": "2025-07-11T06:12:48.984307"
  },
  {
    "module_name": "moral_simulator",
    "file_path": "myiu/moral_simulator.py",
    "output_file": "myiu/moral_simulator.py",
    "status": "SUCCESS",
    "message": "Phương thức initialize_tasks() đã được inject/cập nhật.",
    "patched_method_body": "        \"\"\"Khởi tạo các tác vụ bất đồng bộ của module này, được gọi bởi initializer.\"\"\"\n        pass # No async tasks found in __init__ to move",
    "removed_from_init": [],
    "initialize_tasks_exists_after_patch": true,
    "timestamp": "2025-07-11T06:12:48.987690"
  },
  {
    "module_name": "archetype_dispatcher",
    "file_path": "myiu/archetype_dispatcher.py",
    "output_file": "myiu/archetype_dispatcher.py",
    "status": "SUCCESS",
    "message": "Phương thức initialize_tasks() đã được inject/cập nhật.",
    "patched_method_body": "        \"\"\"Khởi tạo các tác vụ bất đồng bộ của module này, được gọi bởi initializer.\"\"\"\n        pass # No async tasks found in __init__ to move",
    "removed_from_init": [],
    "initialize_tasks_exists_after_patch": true,
    "timestamp": "2025-07-11T06:12:48.991059"
  },
  {
    "module_name": "temporal_drift",
    "file_path": "myiu/temporal_drift.py",
    "output_file": "myiu/temporal_drift.py",
    "status": "SUCCESS",
    "message": "Phương thức initialize_tasks() đã được inject/cập nhật.",
    "patched_method_body": "        \"\"\"Khởi tạo các tác vụ bất đồng bộ của module này, được gọi bởi initializer.\"\"\"\n        # --- SmartPatchEngine: Async tasks moved to initialize_tasks() --- \n        asyncio.create_task(self._monitor_for_dilation_triggers())\n        print(\"TemporalDrift: Đã hoàn tất khởi tạo bất đồng bộ.\")",
    "removed_from_init": [],
    "initialize_tasks_exists_after_patch": true,
    "timestamp": "2025-07-11T06:12:48.994523"
  },
  {
    "module_name": "gen_editor",
    "file_path": "myiu/gen_editor.py",
    "output_file": "myiu/gen_editor.py",
    "status": "SUCCESS",
    "message": "Phương thức initialize_tasks() đã được inject/cập nhật.",
    "patched_method_body": "        \"\"\"Khởi tạo các tác vụ bất đồng bộ của module này, được gọi bởi initializer.\"\"\"\n        pass # No async tasks found in __init__ to move",
    "removed_from_init": [],
    "initialize_tasks_exists_after_patch": true,
    "timestamp": "2025-07-11T06:12:48.998081"
  },
  {
    "module_name": "law_validator",
    "file_path": "myiu/law_validator.py",
    "output_file": "myiu/law_validator.py",
    "status": "SUCCESS",
    "message": "Phương thức initialize_tasks() đã được inject/cập nhật.",
    "patched_method_body": "        \"\"\"Khởi tạo các tác vụ bất đồng bộ của module này, được gọi bởi initializer.\"\"\"\n        pass # No async tasks found in __init__ to move",
    "removed_from_init": [],
    "initialize_tasks_exists_after_patch": true,
    "timestamp": "2025-07-11T06:12:49.001547"
  },
  {
    "module_name": "rule_generator",
    "file_path": "myiu/rule_generator.py",
    "output_file": "myiu/rule_generator.py",
    "status": "SUCCESS",
    "message": "Phương thức initialize_tasks() đã được inject/cập nhật.",
    "patched_method_body": "        \"\"\"Khởi tạo các tác vụ bất đồng bộ của module này, được gọi bởi initializer.\"\"\"\n        # --- SmartPatchEngine: Async tasks moved to initialize_tasks() --- \n        asyncio.create_task(self._subscribe_to_thought_chunks())\n        asyncio.create_task(self._process_thought_chunks())\n        asyncio.create_task(self._subscribe_to_validation_results())\n        print(\"RuleGenerator: Đã hoàn tất khởi tạo bất đồng bộ.\")",
    "removed_from_init": [],
    "initialize_tasks_exists_after_patch": true,
    "timestamp": "2025-07-11T06:12:49.005727"
  },
  {
    "module_name": "memory",
    "file_path": "myiu/memory.py",
    "output_file": "myiu/memory.py",
    "status": "SUCCESS",
    "message": "Phương thức initialize_tasks() đã được inject/cập nhật.",
    "patched_method_body": "        \"\"\"Khởi tạo các tác vụ bất đồng bộ của module này, được gọi bởi initializer.\"\"\"\n        pass # No async tasks found in __init__ to move",
    "removed_from_init": [],
    "initialize_tasks_exists_after_patch": true,
    "timestamp": "2025-07-11T06:12:49.009499"
  },
  {
    "module_name": "affect",
    "file_path": "myiu/affect.py",
    "output_file": "myiu/affect.py",
    "status": "SUCCESS",
    "message": "Phương thức initialize_tasks() đã được inject/cập nhật.",
    "patched_method_body": "",
    "removed_from_init": [],
    "initialize_tasks_exists_after_patch": false,
    "timestamp": "2025-07-11T06:12:49.013008"
  },
  {
    "module_name": "dispatcher",
    "file_path": "myiu/dispatcher.py",
    "output_file": "myiu/dispatcher.py",
    "status": "SUCCESS",
    "message": "Phương thức initialize_tasks() đã được inject/cập nhật.",
    "patched_method_body": "",
    "removed_from_init": [],
    "initialize_tasks_exists_after_patch": false,
    "timestamp": "2025-07-11T06:12:49.016506"
  },
  {
    "module_name": "volition",
    "file_path": "myiu/volition.py",
    "output_file": "myiu/volition.py",
    "status": "SUCCESS",
    "message": "Phương thức initialize_tasks() đã được inject/cập nhật.",
    "patched_method_body": "        \"\"\"Khởi tạo các tác vụ bất đồng bộ của module này, được gọi bởi initializer.\"\"\"\n        pass # No async tasks found in __init__ to move",
    "removed_from_init": [],
    "initialize_tasks_exists_after_patch": true,
    "timestamp": "2025-07-11T06:12:49.020051"
  },
  {
    "module_name": "cortex",
    "file_path": "myiu/cortex.py",
    "output_file": "myiu/cortex.py",
    "status": "SUCCESS",
    "message": "Phương thức initialize_tasks() đã được inject/cập nhật.",
    "patched_method_body": "        \"\"\"Khởi tạo các tác vụ bất đồng bộ của module này, được gọi bởi initializer.\"\"\"\n        # --- SmartPatchEngine: Async tasks moved to initialize_tasks() --- \n        asyncio.create_task(self._subscribe_to_snapshots())\n        await self._register_default_genes() # await vì hàm này cần hoàn thành khi khởi động\n        print(\"Cortex: Đã hoàn tất khởi tạo bất đồng bộ.\")",
    "removed_from_init": [],
    "initialize_tasks_exists_after_patch": true,
    "timestamp": "2025-07-11T08:55:59.904016"
  },
  {
    "module_name": "reflection_engine",
    "file_path": "myiu/reflection_engine.py",
    "output_file": "myiu/reflection_engine.py",
    "status": "SUCCESS",
    "message": "Phương thức initialize_tasks() đã được inject/cập nhật.",
    "patched_method_body": "        \"\"\"Khởi tạo các tác vụ bất đồng bộ của module này, được gọi bởi initializer.\"\"\"\n        pass # No async tasks found in __init__ to move",
    "removed_from_init": [],
    "initialize_tasks_exists_after_patch": true,
    "timestamp": "2025-07-11T08:55:59.908611"
  },
  {
    "module_name": "emotional_cache",
    "file_path": "myiu/emotional_cache.py",
    "output_file": "myiu/emotional_cache.py",
    "status": "SUCCESS",
    "message": "Phương thức initialize_tasks() đã được inject/cập nhật.",
    "patched_method_body": "        \"\"\"Khởi tạo các tác vụ bất đồng bộ của module này, được gọi bởi initializer.\"\"\"\n        pass # No async tasks found in __init__ to move",
    "removed_from_init": [],
    "initialize_tasks_exists_after_patch": true,
    "timestamp": "2025-07-11T08:55:59.912517"
  },
  {
    "module_name": "rule_evaluator",
    "file_path": "myiu/rule_evaluator.py",
    "output_file": "myiu/rule_evaluator.py",
    "status": "SUCCESS",
    "message": "Phương thức initialize_tasks() đã được inject/cập nhật.",
    "patched_method_body": "        \"\"\"Khởi tạo các tác vụ bất đồng bộ của module này, được gọi bởi initializer.\"\"\"\n        pass # No async tasks found in __init__ to move",
    "removed_from_init": [],
    "initialize_tasks_exists_after_patch": true,
    "timestamp": "2025-07-11T08:55:59.916784"
  },
  {
    "module_name": "archetype_drift_tracker",
    "file_path": "myiu/archetype_drift_tracker.py",
    "output_file": "myiu/archetype_drift_tracker.py",
    "status": "SUCCESS",
    "message": "Phương thức initialize_tasks() đã được inject/cập nhật.",
    "patched_method_body": "        \"\"\"Khởi tạo các tác vụ bất đồng bộ của module này, được gọi bởi initializer.\"\"\"\n        pass # No async tasks found in __init__ to move",
    "removed_from_init": [],
    "initialize_tasks_exists_after_patch": true,
    "timestamp": "2025-07-11T08:55:59.921198"
  },
  {
    "module_name": "meta_reflection_engine",
    "file_path": "myiu/meta_reflection_engine.py",
    "output_file": "myiu/meta_reflection_engine.py",
    "status": "SUCCESS",
    "message": "Phương thức initialize_tasks() đã được inject/cập nhật.",
    "patched_method_body": "        \"\"\"Khởi tạo các tác vụ bất đồng bộ của module này, được gọi bởi initializer.\"\"\"\n        pass # No async tasks found in __init__ to move",
    "removed_from_init": [],
    "initialize_tasks_exists_after_patch": true,
    "timestamp": "2025-07-11T08:55:59.924876"
  },
  {
    "module_name": "resilience_engine",
    "file_path": "myiu/resilience_engine.py",
    "output_file": "myiu/resilience_engine.py",
    "status": "SUCCESS",
    "message": "Phương thức initialize_tasks() đã được inject/cập nhật.",
    "patched_method_body": "        \"\"\"Khởi tạo các tác vụ bất đồng bộ của module này, được gọi bởi initializer.\"\"\"\n        pass # No async tasks found in __init__ to move",
    "removed_from_init": [],
    "initialize_tasks_exists_after_patch": true,
    "timestamp": "2025-07-11T08:55:59.928553"
  },
  {
    "module_name": "essence_compiler",
    "file_path": "myiu/essence_compiler.py",
    "output_file": "myiu/essence_compiler.py",
    "status": "SUCCESS",
    "message": "Phương thức initialize_tasks() đã được inject/cập nhật.",
    "patched_method_body": "        \"\"\"Khởi tạo các tác vụ bất đồng bộ của module này, được gọi bởi initializer.\"\"\"\n        # --- SmartPatchEngine: Async tasks moved to initialize_tasks() --- \n        asyncio.create_task(self._subscribe_to_snapshots_for_compilation())\n        print(\"EssenceCompiler: Đã hoàn tất khởi tạo bất đồng bộ.\")",
    "removed_from_init": [],
    "initialize_tasks_exists_after_patch": true,
    "timestamp": "2025-07-11T08:55:59.932178"
  },
  {
    "module_name": "ontology_cache",
    "file_path": "myiu/ontology_cache.py",
    "output_file": "myiu/ontology_cache.py",
    "status": "SUCCESS",
    "message": "Phương thức initialize_tasks() đã được inject/cập nhật.",
    "patched_method_body": "        \"\"\"Khởi tạo các tác vụ bất đồng bộ của module này, được gọi bởi initializer.\"\"\"\n        pass # No async tasks found in __init__ to move",
    "removed_from_init": [],
    "initialize_tasks_exists_after_patch": true,
    "timestamp": "2025-07-11T08:55:59.935887"
  },
  {
    "module_name": "ontology_mutator",
    "file_path": "myiu/ontology_mutator.py",
    "output_file": "myiu/ontology_mutator.py",
    "status": "SUCCESS",
    "message": "Phương thức initialize_tasks() đã được inject/cập nhật.",
    "patched_method_body": "        \"\"\"Khởi tạo các tác vụ bất đồng bộ của module này, được gọi bởi initializer.\"\"\"\n        pass # No async tasks found in __init__ to move",
    "removed_from_init": [],
    "initialize_tasks_exists_after_patch": true,
    "timestamp": "2025-07-11T08:55:59.939569"
  },
  {
    "module_name": "law_synthesizer",
    "file_path": "myiu/law_synthesizer.py",
    "output_file": "myiu/law_synthesizer.py",
    "status": "SUCCESS",
    "message": "Phương thức initialize_tasks() đã được inject/cập nhật.",
    "patched_method_body": "        \"\"\"Khởi tạo các tác vụ bất đồng bộ của module này, được gọi bởi initializer.\"\"\"\n        pass # No async tasks found in __init__ to move",
    "removed_from_init": [],
    "initialize_tasks_exists_after_patch": true,
    "timestamp": "2025-07-11T08:55:59.943420"
  },
  {
    "module_name": "volition_core",
    "file_path": "myiu/volition_core.py",
    "output_file": "myiu/volition_core.py",
    "status": "SUCCESS",
    "message": "Phương thức initialize_tasks() đã được inject/cập nhật.",
    "patched_method_body": "        \"\"\"Khởi tạo các tác vụ bất đồng bộ của module này, được gọi bởi initializer.\"\"\"\n        pass # No async tasks found in __init__ to move",
    "removed_from_init": [],
    "initialize_tasks_exists_after_patch": true,
    "timestamp": "2025-07-11T08:55:59.947522"
  },
  {
    "module_name": "moral_simulator",
    "file_path": "myiu/moral_simulator.py",
    "output_file": "myiu/moral_simulator.py",
    "status": "SUCCESS",
    "message": "Phương thức initialize_tasks() đã được inject/cập nhật.",
    "patched_method_body": "        \"\"\"Khởi tạo các tác vụ bất đồng bộ của module này, được gọi bởi initializer.\"\"\"\n        pass # No async tasks found in __init__ to move",
    "removed_from_init": [],
    "initialize_tasks_exists_after_patch": true,
    "timestamp": "2025-07-11T08:55:59.951725"
  },
  {
    "module_name": "archetype_dispatcher",
    "file_path": "myiu/archetype_dispatcher.py",
    "output_file": "myiu/archetype_dispatcher.py",
    "status": "SUCCESS",
    "message": "Phương thức initialize_tasks() đã được inject/cập nhật.",
    "patched_method_body": "        \"\"\"Khởi tạo các tác vụ bất đồng bộ của module này, được gọi bởi initializer.\"\"\"\n        pass # No async tasks found in __init__ to move",
    "removed_from_init": [],
    "initialize_tasks_exists_after_patch": true,
    "timestamp": "2025-07-11T08:55:59.956153"
  },
  {
    "module_name": "temporal_drift",
    "file_path": "myiu/temporal_drift.py",
    "output_file": "myiu/temporal_drift.py",
    "status": "SUCCESS",
    "message": "Phương thức initialize_tasks() đã được inject/cập nhật.",
    "patched_method_body": "        \"\"\"Khởi tạo các tác vụ bất đồng bộ của module này, được gọi bởi initializer.\"\"\"\n        # --- SmartPatchEngine: Async tasks moved to initialize_tasks() --- \n        asyncio.create_task(self._monitor_for_dilation_triggers())\n        print(\"TemporalDrift: Đã hoàn tất khởi tạo bất đồng bộ.\")",
    "removed_from_init": [],
    "initialize_tasks_exists_after_patch": true,
    "timestamp": "2025-07-11T08:55:59.961203"
  },
  {
    "module_name": "gen_editor",
    "file_path": "myiu/gen_editor.py",
    "output_file": "myiu/gen_editor.py",
    "status": "SUCCESS",
    "message": "Phương thức initialize_tasks() đã được inject/cập nhật.",
    "patched_method_body": "        \"\"\"Khởi tạo các tác vụ bất đồng bộ của module này, được gọi bởi initializer.\"\"\"\n        pass # No async tasks found in __init__ to move",
    "removed_from_init": [],
    "initialize_tasks_exists_after_patch": true,
    "timestamp": "2025-07-11T08:55:59.965662"
  },
  {
    "module_name": "law_validator",
    "file_path": "myiu/law_validator.py",
    "output_file": "myiu/law_validator.py",
    "status": "SUCCESS",
    "message": "Phương thức initialize_tasks() đã được inject/cập nhật.",
    "patched_method_body": "        \"\"\"Khởi tạo các tác vụ bất đồng bộ của module này, được gọi bởi initializer.\"\"\"\n        pass # No async tasks found in __init__ to move",
    "removed_from_init": [],
    "initialize_tasks_exists_after_patch": true,
    "timestamp": "2025-07-11T08:55:59.970046"
  },
  {
    "module_name": "rule_generator",
    "file_path": "myiu/rule_generator.py",
    "output_file": "myiu/rule_generator.py",
    "status": "SUCCESS",
    "message": "Phương thức initialize_tasks() đã được inject/cập nhật.",
    "patched_method_body": "        \"\"\"Khởi tạo các tác vụ bất đồng bộ của module này, được gọi bởi initializer.\"\"\"\n        # --- SmartPatchEngine: Async tasks moved to initialize_tasks() --- \n        asyncio.create_task(self._subscribe_to_thought_chunks())\n        asyncio.create_task(self._process_thought_chunks())\n        asyncio.create_task(self._subscribe_to_validation_results())\n        print(\"RuleGenerator: Đã hoàn tất khởi tạo bất đồng bộ.\")",
    "removed_from_init": [],
    "initialize_tasks_exists_after_patch": true,
    "timestamp": "2025-07-11T08:55:59.974384"
  },
  {
    "module_name": "memory",
    "file_path": "myiu/memory.py",
    "output_file": "myiu/memory.py",
    "status": "SUCCESS",
    "message": "Phương thức initialize_tasks() đã được inject/cập nhật.",
    "patched_method_body": "        \"\"\"Khởi tạo các tác vụ bất đồng bộ của module này, được gọi bởi initializer.\"\"\"\n        pass # No async tasks found in __init__ to move",
    "removed_from_init": [],
    "initialize_tasks_exists_after_patch": true,
    "timestamp": "2025-07-11T08:55:59.978523"
  },
  {
    "module_name": "affect",
    "file_path": "myiu/affect.py",
    "output_file": "myiu/affect.py",
    "status": "SUCCESS",
    "message": "Phương thức initialize_tasks() đã được inject/cập nhật.",
    "patched_method_body": "        \"\"\"Khởi tạo các tác vụ bất đồng bộ của module này, được gọi bởi initializer.\"\"\"\n        pass # No async tasks found in __init__ to move",
    "removed_from_init": [],
    "initialize_tasks_exists_after_patch": true,
    "timestamp": "2025-07-11T08:55:59.982414"
  },
  {
    "module_name": "dispatcher",
    "file_path": "myiu/dispatcher.py",
    "output_file": "myiu/dispatcher.py",
    "status": "SUCCESS",
    "message": "Phương thức initialize_tasks() đã được inject/cập nhật.",
    "patched_method_body": "        \"\"\"Khởi tạo các tác vụ bất đồng bộ của module này, được gọi bởi initializer.\"\"\"\n        pass # No async tasks found in __init__ to move",
    "removed_from_init": [],
    "initialize_tasks_exists_after_patch": true,
    "timestamp": "2025-07-11T08:55:59.986244"
  },
  {
    "module_name": "volition",
    "file_path": "myiu/volition.py",
    "output_file": "myiu/volition.py",
    "status": "SUCCESS",
    "message": "Phương thức initialize_tasks() đã được inject/cập nhật.",
    "patched_method_body": "        \"\"\"Khởi tạo các tác vụ bất đồng bộ của module này, được gọi bởi initializer.\"\"\"\n        pass # No async tasks found in __init__ to move",
    "removed_from_init": [],
    "initialize_tasks_exists_after_patch": true,
    "timestamp": "2025-07-11T08:55:59.990190"
  }
]